date,actual,window,step,mean,naive,seasonal_naive_daily,seasonal_naive_weekly,drift,sarima_target_only,sarimax_calendar,sarimax_calendar_weather,feature_restricted_24,feature_direct,feature_recursive,feature_cov_lagged,feature_cov_realised,chronos_bolt_base
2016-05-13 18:00:00,348.3333333333333,1,1,97.37667908341798,231.66666666666663,105.0,176.66666666666666,231.72651309846427,241.24408580307733,242.9619296316919,246.032835188275,206.60410510574985,275.84815090544333,275.84815090544333,186.9707119023928,198.88963148115585,175.4259
2016-05-13 19:00:00,208.3333333333333,1,2,97.37667908341798,231.66666666666663,123.33333333333331,126.66666666666669,231.78635953026196,161.22344944145848,163.69913978833642,166.273798542615,178.98315267829614,147.02514549580388,212.613550801795,169.10502882513393,141.66688216580255,118.322556
2016-05-13 20:00:00,120.0,1,3,97.37667908341798,231.66666666666663,100.0,116.66666666666669,231.8462059620596,136.92876249486838,140.63548566322171,143.31990377255255,173.48307146543024,127.52094536812795,159.64129367958796,172.21700956452793,171.00573914545322,91.89833
2016-05-13 21:00:00,63.333333333333336,1,4,97.37667908341798,231.66666666666663,71.66666666666667,71.66666666666667,231.90605239385724,94.5641354898434,99.16192883703,105.90928616348364,77.2094024815716,82.76896696840763,118.58410527253932,72.83544487433538,84.44746464878014,69.911766
2016-05-13 22:00:00,55.0,1,5,97.37667908341798,231.66666666666663,60.0,53.333333333333336,231.96589882565488,73.04654520355734,78.4489530688802,85.88193264782694,67.24112538998494,47.94219540385999,91.0288115342584,58.18520728847806,61.30134482786324,62.173805
2016-05-13 23:00:00,61.66666666666666,1,6,97.37667908341798,231.66666666666663,56.66666666666666,58.333333333333336,232.0257452574525,61.2916164686914,67.58312348046024,75.5353027876464,64.70118858126708,47.16852874300456,64.94537481913365,62.54522510907709,57.52151010390415,57.60488
2016-05-14 00:00:00,58.333333333333336,1,7,97.37667908341798,231.66666666666663,55.0,51.66666666666666,232.08559168925015,56.36073510568153,54.864515848577135,60.50053401051152,52.268290845113874,49.00276272950934,54.43760634065182,55.52580381402529,62.23051764839228,56.2216
2016-05-14 01:00:00,63.333333333333336,1,8,97.37667908341798,231.66666666666663,53.333333333333336,56.66666666666666,232.14543812104785,54.913388491422005,54.14957942212877,58.191407528391935,56.49499515699178,48.74794528127784,49.28594852956368,53.08156272653312,56.99774396144842,56.02538
2016-05-14 02:00:00,60.0,1,9,97.37667908341798,231.66666666666663,58.333333333333336,53.333333333333336,232.20528455284548,53.24031656867741,52.99906868035952,56.19127933119559,56.246139193488965,49.17320228811025,51.84063641952672,51.49634428152188,47.51483560350227,54.221478
2016-05-14 03:00:00,60.0,1,10,97.37667908341798,231.66666666666663,58.333333333333336,55.0,232.26513098464315,51.58928434248523,51.71396096899274,55.1124570588745,58.320998885168585,45.5986280368057,49.91982404528463,61.63732546834167,70.30556496239161,52.900063
2016-05-14 04:00:00,60.0,1,11,97.37667908341798,231.66666666666663,50.0,55.0,232.3249774164408,51.31910617758268,51.69671554945565,56.86832862853752,58.25211592685795,48.99535542671922,50.75539375319157,62.245646932367386,72.2395499499401,51.73277
2016-05-14 05:00:00,56.66666666666666,1,12,97.37667908341798,231.66666666666663,58.333333333333336,51.66666666666666,232.38482384823843,60.47544343106214,61.02039423610613,66.52611285896651,58.301436551295055,44.715662053641616,52.54940698063418,62.76666402081525,77.98988028900668,55.555256
2016-05-14 06:00:00,63.333333333333336,1,13,97.37667908341798,231.66666666666663,146.66666666666666,53.333333333333336,232.4446702800361,70.46908598467893,71.1261420225472,76.45981479980776,122.82705782027575,78.45149280632512,78.96877904270254,119.55735139976736,130.56516235186717,64.77609
2016-05-14 07:00:00,113.33333333333331,1,14,97.37667908341798,231.66666666666663,176.66666666666666,148.33333333333334,232.50451671183376,99.1976634754397,99.92276262762071,105.5090609991652,160.0497923628687,123.45687065879252,131.91679286722595,182.2886722818968,176.89347149643822,93.36205
2016-05-14 08:00:00,133.33333333333334,1,15,97.37667908341798,231.66666666666663,338.3333333333333,121.66666666666669,232.5643631436314,115.3089477838343,116.08685232277556,121.3815206941605,152.47143318201114,132.7097334161056,127.37115071497654,153.52524848555265,156.46145508605764,134.95712
2016-05-14 09:00:00,118.33333333333331,1,16,97.37667908341798,231.66666666666663,93.33333333333331,153.33333333333334,232.62420957542903,104.35105430331254,105.18764590952708,110.36572137661626,191.69225666727365,169.05965436610668,161.34194670274624,209.3678220074618,195.6329412988108,165.1442
2016-05-14 10:00:00,158.33333333333334,1,17,97.37667908341798,231.66666666666663,73.33333333333333,178.33333333333334,232.6840560072267,111.3895689118716,112.26018866141554,117.89624014730806,215.35248288679333,203.2892523782607,146.1693879022521,217.23718851516463,195.8999490335181,196.42291
2016-05-14 11:00:00,96.66666666666669,1,18,97.37667908341798,231.66666666666663,355.0,161.66666666666666,232.74390243902437,116.36705910783144,117.24400087959576,122.44483250364414,182.12299231644852,185.70842904522604,103.14583016127968,188.7628047365397,151.28970903956755,210.55342
2016-05-14 12:00:00,116.66666666666669,1,19,97.37667908341798,231.66666666666663,301.6666666666667,86.66666666666667,232.803748870822,110.01276789804734,110.8919766590092,118.91110238064137,197.95103325971303,234.5098886631293,140.08420768610443,185.424855968783,140.9837353641228,193.48502
2016-05-14 13:00:00,113.33333333333331,1,20,97.37667908341798,231.66666666666663,268.3333333333333,75.0,232.86359530261964,103.33607654440166,104.23171270735796,113.51730381465924,143.50824139722383,202.35307897338689,137.94151415249223,175.55923648130488,111.87742080862724,173.20914
2016-05-14 14:00:00,106.66666666666669,1,21,97.37667908341798,231.66666666666663,318.3333333333333,88.33333333333333,232.9234417344173,100.47104799200756,101.36133442728274,109.04867742528388,141.50756523027528,151.12144024656993,128.194363090808,138.5930132188721,101.12231159661636,164.57495
2016-05-14 15:00:00,130.0,1,22,97.37667908341798,231.66666666666663,201.66666666666663,103.33333333333331,232.98328816621492,94.48542173069416,95.38699301319426,104.05777195123864,159.7128200101261,152.20969012087207,116.18431457648586,147.80205479893525,91.18742205594287,166.27487
2016-05-14 16:00:00,111.66666666666669,1,23,97.37667908341798,231.66666666666663,351.6666666666667,91.66666666666669,233.0431345980126,124.89401913062513,125.78588956103545,134.95596169797824,110.51110528220414,126.83536289935462,126.8604425817864,113.15998544132918,82.16029623818594,187.01389
2016-05-14 17:00:00,241.66666666666663,1,24,97.37667908341798,231.66666666666663,231.66666666666663,83.33333333333333,233.10298102981025,181.78290596472607,182.6657698678959,192.54596004978512,172.0627343463059,172.0627343463059,171.53777552899547,147.5809710186825,129.30574549265083,173.64587
2016-05-14 18:00:00,166.66666666666666,2,1,97.50475870563206,241.66666666666663,348.3333333333333,285.0,241.72939068100357,194.1704280218827,194.3894681430073,199.48822719086567,193.33993828638123,181.01411003399136,181.01411003399136,185.63287959372,156.6245624763722,163.49292
2016-05-14 19:00:00,90.0,2,2,97.50475870563206,241.66666666666663,208.3333333333333,120.0,241.79211469534047,143.28872127849817,143.56432637732888,148.9694690439936,153.70931857335404,132.4307346523586,170.66777130581002,174.78491142637665,121.13224334059112,115.844696
2016-05-14 20:00:00,86.66666666666667,2,3,97.50475870563206,241.66666666666663,120.0,86.66666666666667,241.85483870967735,120.12342323499372,120.36220804390716,124.87713971274484,145.47007787545297,105.9771774508006,118.660567515822,129.81705175479638,110.05896845584026,90.33307
2016-05-14 21:00:00,75.0,2,4,97.50475870563206,241.66666666666663,63.333333333333336,56.66666666666666,241.9175627240143,80.89469798282381,81.18089198444872,86.18985977144543,110.676699234693,67.7505538978562,69.27324955679849,90.0312991369178,56.55262043801677,71.4002
2016-05-14 22:00:00,61.66666666666666,2,5,97.50475870563206,241.66666666666663,55.0,58.333333333333336,241.98028673835125,66.04503082000797,66.37015991583634,71.06589380139354,94.11482331587632,53.02889176819999,61.289880662224974,84.31171933631916,67.11619789742005,60.02233
2016-05-14 23:00:00,48.333333333333336,2,6,97.50475870563206,241.66666666666663,61.66666666666666,56.66666666666666,242.04301075268813,58.877417843202494,59.19997003716388,62.45568010270281,82.8415257694078,51.806769796444186,54.00008836405948,74.63082386949398,73.11953677569821,58.393047
2016-05-15 00:00:00,53.333333333333336,2,7,97.50475870563206,241.66666666666663,58.333333333333336,58.333333333333336,242.10573476702504,54.88124149199332,56.48776311645981,59.04295134637656,55.711730098770985,45.76265772232975,49.64219583685023,58.1812192710515,69.39107623516828,56.13819
2016-05-15 01:00:00,55.0,2,8,97.50475870563206,241.66666666666663,63.333333333333336,51.66666666666666,242.168458781362,54.282733825101545,55.96619854154213,58.81790948440997,56.60727792954835,50.9236130940784,50.10551239479705,89.45572768191445,56.8669489734324,56.012127
2016-05-15 02:00:00,51.66666666666666,2,9,97.50475870563206,241.66666666666663,60.0,55.0,242.23118279569889,52.87922921903932,54.66999762034283,57.542015931646745,59.93664636486969,47.026961446141584,50.41170759225026,63.18124244649204,59.42345572746991,54.70077
2016-05-15 03:00:00,40.0,2,10,97.50475870563206,241.66666666666663,60.0,56.66666666666666,242.2939068100358,51.52644556350538,53.41961410322523,56.33438334373902,59.40929347596583,47.83993341592542,50.33862252134112,57.0044717134958,58.22471184996245,52.901516
2016-05-15 04:00:00,51.66666666666666,2,11,97.50475870563206,241.66666666666663,60.0,50.0,242.35663082437276,51.40931166839124,53.38827188916315,56.83175937900975,57.87881802335765,52.96194930568456,50.461469413710674,62.24901839805116,57.73610953590602,52.801315
2016-05-15 05:00:00,56.66666666666666,2,12,97.50475870563206,241.66666666666663,56.66666666666666,56.66666666666666,242.41935483870964,60.06927200534319,62.11052263603,66.12438288052891,60.53305084028676,53.3104448384771,56.34445619728284,64.50262800779844,61.690169937689504,54.952484
2016-05-15 06:00:00,51.66666666666666,2,13,97.50475870563206,241.66666666666663,63.333333333333336,50.0,242.48207885304652,69.9636420170929,72.05011572823545,75.20994183781693,77.10856445715062,70.26227471688854,84.70179109494315,87.3547739956513,99.07805934870063,56.53141
2016-05-15 07:00:00,93.33333333333331,2,14,97.50475870563206,241.66666666666663,113.33333333333331,60.0,242.54480286738348,99.72563655779894,101.83665374320066,104.72195053087356,109.23675029202332,98.4999022147932,127.4526792041748,95.47250905634624,110.90028239915502,67.736755
2016-05-15 08:00:00,118.33333333333331,2,15,97.50475870563206,241.66666666666663,133.33333333333334,183.3333333333333,242.6075268817204,116.04217140002264,118.17861914271938,122.44800016266704,134.6804220697492,162.0891306619864,177.36868639115272,121.54226107558505,119.86809088219184,93.84659
2016-05-15 09:00:00,101.66666666666669,2,16,97.50475870563206,241.66666666666663,118.33333333333331,143.33333333333334,242.6702508960573,104.90932247718168,107.08635550283672,111.9116737209704,133.6700914288227,114.21254766055333,152.02012321275598,109.96167455101838,149.39729523058602,106.37407
2016-05-15 10:00:00,108.33333333333331,2,17,97.50475870563206,241.66666666666663,158.33333333333334,135.0,242.73297491039423,113.50257649169428,115.70022071169684,120.56410588830782,148.19457632791105,130.62884663851736,152.449699901444,110.24961195857053,143.59478404864728,113.9203
2016-05-15 11:00:00,105.0,2,18,97.50475870563206,241.66666666666663,96.66666666666669,50.0,242.79569892473117,115.36118106214846,117.56258054412206,122.95984676421284,130.41565438193982,132.78241978460457,121.8212413350812,143.0335499573514,114.36707300021608,93.80197
2016-05-15 12:00:00,96.66666666666669,2,19,97.50475870563206,241.66666666666663,116.66666666666669,56.66666666666666,242.85842293906805,110.24631627446998,112.44435987497832,118.73063054580965,87.01642740667644,139.71073802702878,118.6661119746892,84.8062817405488,94.84440960794048,80.00168
2016-05-15 13:00:00,136.66666666666666,2,20,97.50475870563206,241.66666666666663,113.33333333333331,56.66666666666666,242.92114695340496,103.72876487435371,105.93976846926756,111.66421444232611,70.35428542256392,134.4918091293551,113.62581935658172,72.65794016180101,67.14110003826464,76.78253
2016-05-15 14:00:00,88.33333333333333,2,21,97.50475870563206,241.66666666666663,106.66666666666669,56.66666666666666,242.9838709677419,100.68699928129293,102.89154745274766,107.16560783753384,76.82347942183979,104.39892815247865,105.68750519808032,70.07695092945097,101.17112485704575,72.249344
2016-05-15 15:00:00,93.33333333333331,2,22,97.50475870563206,241.66666666666663,130.0,50.0,243.0465949820788,96.0770243043238,98.28958101841025,101.43396051631623,83.25897343869765,113.958494230973,103.14649751983252,72.35808450239092,79.13355061857024,70.251495
2016-05-15 16:00:00,143.33333333333334,2,23,97.50475870563206,241.66666666666663,111.66666666666669,55.0,243.1093189964157,124.20084951807296,126.40642628341654,128.3880024283124,115.27704735886864,138.72040157557515,120.65337155712992,88.54638607965515,126.64241685293554,88.79551
2016-05-15 17:00:00,236.66666666666663,2,24,97.50475870563206,241.66666666666663,241.66666666666663,56.66666666666666,243.17204301075265,184.51811574677936,186.71035270993505,190.02226590453049,128.41535009200211,128.41535009200211,171.2865361458565,136.22549327279893,188.97916772838653,148.03165
2016-05-15 18:00:00,98.33333333333331,3,1,97.46140175497057,236.66666666666663,166.66666666666666,50.0,236.7272222222222,198.51549339488776,199.29419662743857,204.95753353947933,193.9364535357716,236.67187537340948,236.67187537340948,156.03278376891703,200.54809786827724,185.52875
2016-05-15 19:00:00,96.66666666666669,3,2,97.46140175497057,236.66666666666663,90.0,60.0,236.78777777777773,142.37738412187775,143.27497611165393,150.30263997123208,99.375852513887,94.03697356375626,141.36958625831178,105.15197175411744,108.44314737023484,123.06803
2016-05-15 20:00:00,246.66666666666663,3,3,97.46140175497057,236.66666666666663,86.66666666666667,78.33333333333333,236.8483333333333,119.15036318883966,120.25689638566048,125.3130631652519,99.56012809497172,105.07223182556967,105.60919019506852,71.13211918188408,111.69644306647317,94.89122
2016-05-15 21:00:00,203.3333333333333,3,4,97.46140175497057,236.66666666666663,75.0,63.333333333333336,236.90888888888884,81.83504452681501,83.21056702631385,84.13015880750707,86.17488759871874,77.70406138517427,84.70628531699487,83.10015379052227,105.42060459515405,70.001595
2016-05-15 22:00:00,86.66666666666667,3,5,97.46140175497057,236.66666666666663,61.66666666666666,58.333333333333336,236.9694444444444,66.94914676835855,68.42891803614742,65.93903098768301,51.38664737981729,49.80042098677779,57.196625920089495,50.23794426177882,63.27438620333922,59.28966
2016-05-15 23:00:00,83.33333333333333,3,6,97.46140175497057,236.66666666666663,48.333333333333336,53.333333333333336,237.03,58.96280761390484,60.42878076288601,57.43709146125473,49.64005354090168,58.79645974385463,51.92576096250872,50.38651560306079,61.06101394618776,57.07867
2016-05-16 00:00:00,61.66666666666666,3,7,97.46140175497057,236.66666666666663,53.333333333333336,55.0,237.0905555555555,55.15100381367514,66.55793660634262,63.54705076102723,53.7098698482697,48.02993824527218,50.414930186475765,46.6239840867682,58.13876267395277,55.944393
2016-05-16 01:00:00,53.333333333333336,3,8,97.46140175497057,236.66666666666663,55.0,58.333333333333336,237.15111111111108,54.5077769299098,66.02817860592472,62.914133352740414,61.7788026915381,59.06126272321846,52.72799898516054,58.19583498348776,63.11324506999649,54.880024
2016-05-16 02:00:00,56.66666666666666,3,9,97.46140175497057,236.66666666666663,51.66666666666666,55.0,237.21166666666664,52.91784951926391,64.57178690187037,61.63872300604729,57.70013277894305,55.986689344058206,52.81067428943148,47.462206479344566,64.07498302316617,53.7939
2016-05-16 03:00:00,53.333333333333336,3,10,97.46140175497057,236.66666666666663,40.0,53.333333333333336,237.27222222222215,51.02049117882843,62.79569165036896,60.47678277561164,53.87213606242519,48.19148647162658,54.85171765406732,40.68852955159269,58.430733731018286,52.096127
2016-05-16 04:00:00,55.0,3,11,97.46140175497057,236.66666666666663,51.66666666666666,56.66666666666666,237.33277777777772,51.41710351497421,63.2899269378994,61.19642489902223,54.66792844666307,47.8198497317897,56.11344395525877,40.30780966618328,59.5647069278433,52.58816
2016-05-16 05:00:00,51.66666666666666,3,12,97.46140175497057,236.66666666666663,56.66666666666666,65.0,237.3933333333333,59.88081667010439,71.82486547928607,68.73709123057763,53.7146892580544,62.78992393095166,66.49944301744002,61.52861395927656,65.76683452120626,59.00907
2016-05-16 06:00:00,53.333333333333336,3,13,97.46140175497057,236.66666666666663,51.66666666666666,55.0,237.45388888888888,69.0611655912765,81.05725386212195,76.77129476915769,92.63566301604016,70.55780109685372,81.84398286744347,83.03744653312926,103.88600449371198,61.304317
2016-05-16 07:00:00,61.66666666666666,3,14,97.46140175497057,236.66666666666663,93.33333333333331,56.66666666666666,237.5144444444444,99.37138209685988,111.39565299237054,108.67178026003631,83.8191368996481,71.51811418841564,120.12778899352011,75.71433292517789,122.52004349676096,66.8457
2016-05-16 08:00:00,88.33333333333333,3,15,97.46140175497057,236.66666666666663,118.33333333333331,61.66666666666666,237.575,116.08873263739244,128.14044418175192,128.15145815526566,92.64922806756351,87.45328286298975,107.28530069639346,76.62788448950253,137.92945224079952,65.14455
2016-05-16 09:00:00,70.0,3,16,97.46140175497057,236.66666666666663,101.66666666666669,66.66666666666667,237.63555555555556,104.69239454109837,116.78561452225108,118.23704848768266,109.81627782438696,74.38893347255373,135.51210269954765,99.24051097569132,152.35872723191915,60.030922
2016-05-16 10:00:00,148.33333333333334,3,17,97.46140175497057,236.66666666666663,108.33333333333331,55.0,237.6961111111111,113.19275865402548,125.3074014729017,128.23793021709704,105.50540093203593,80.99122869176367,102.93840635291424,82.86614655201382,174.54368893014237,62.078598
2016-05-16 11:00:00,103.33333333333331,3,18,97.46140175497057,236.66666666666663,105.0,61.66666666666666,237.75666666666663,114.80630140683677,126.92593415519067,130.68708406923315,124.10367129230224,98.50884577643583,132.16005850678158,85.60106824517005,152.65061238140777,62.68406
2016-05-16 12:00:00,206.66666666666663,3,19,97.46140175497057,236.66666666666663,96.66666666666669,135.0,237.81722222222217,109.539497827087,121.65684985693288,125.72781848568846,120.83485736231997,162.03664707127484,103.76297886651304,82.83269952678575,165.35691465746643,68.157364
2016-05-16 13:00:00,266.6666666666667,3,20,97.46140175497057,236.66666666666663,136.66666666666666,173.33333333333334,237.8777777777777,105.20237454558516,117.32978744923628,120.67752279459992,147.21856612012076,131.61975472832606,120.20970547593788,119.54374720839871,150.6413403692813,73.95965
2016-05-16 14:00:00,88.33333333333333,3,21,97.46140175497057,236.66666666666663,88.33333333333333,88.33333333333333,237.9383333333333,100.036589606221,112.1608580608973,114.98949078101498,130.61043384005177,92.0818933360465,109.25753277127323,85.62629764267955,109.64756617621936,71.756485
2016-05-16 15:00:00,111.66666666666669,3,22,97.46140175497057,236.66666666666663,93.33333333333331,70.0,237.99888888888884,95.87693553549796,108.00846918532037,111.09854462204432,118.53128052939064,89.01477655575324,110.44903224712009,82.93732367436345,105.3838148245844,70.78349
2016-05-16 16:00:00,88.33333333333333,3,23,97.46140175497057,236.66666666666663,143.33333333333334,78.33333333333333,238.0594444444444,125.02630802265156,137.15001883981537,138.26115390935556,137.27942426027445,114.09504017097908,130.58260229671825,98.34059727886068,175.69034425687477,95.29932
2016-05-16 17:00:00,243.3333333333333,3,24,97.46140175497057,236.66666666666663,236.66666666666663,268.3333333333333,238.11999999999995,186.89150307168285,199.00061930667948,196.52144809113025,175.68490641168793,175.68490641168793,234.08563790193745,185.9335598444831,145.80925667662666,193.8773
2016-05-16 18:00:00,155.0,4,1,97.57300275482092,243.3333333333333,98.33333333333331,120.0,243.39561287477952,186.29656525361224,190.7510404296182,187.7696090666107,150.94587745119307,167.55539051721473,167.55539051721473,151.38111179195607,151.7508193430487,145.85829
2016-05-16 19:00:00,115.0,4,2,97.57300275482092,243.3333333333333,96.66666666666669,110.0,243.4578924162257,136.9135832625882,142.59926999313078,139.19691376361806,102.37324732199208,113.57172102432229,133.64345199006212,112.44841874215696,108.87372073647916,117.94935
2016-05-16 20:00:00,96.66666666666669,4,3,97.57300275482092,243.3333333333333,246.66666666666663,95.0,243.52017195767195,120.46959539032176,127.77042609312883,124.8936310961018,106.41722286855573,103.17215064319402,131.66129112692352,109.07041970462365,146.7368987526524,100.12416
2016-05-16 21:00:00,68.33333333333333,4,4,97.57300275482092,243.3333333333333,203.3333333333333,71.66666666666667,243.58245149911812,82.88093734011676,91.74259726927023,90.51195944832176,80.73455355441043,76.95880769776836,87.55633908599214,86.12087635309709,114.19905212345849,73.705215
2016-05-16 22:00:00,46.66666666666666,4,5,97.57300275482092,243.3333333333333,86.66666666666667,71.66666666666667,243.64473104056435,64.74883155782987,74.75031615614941,73.59938657415674,61.25742889089628,64.39775484249824,81.55877765876309,63.67269892086535,96.50680848040764,61.01947
2016-05-16 23:00:00,60.0,4,6,97.57300275482092,243.3333333333333,83.33333333333333,60.0,243.70701058201053,58.3621651605255,69.08764115122831,68.57585893267753,71.01081975384793,69.78413089930504,74.10986689026421,61.16298193138021,88.49281095491611,57.26667
2016-05-17 00:00:00,50.0,4,7,97.57300275482092,243.3333333333333,61.66666666666666,51.66666666666666,243.7692901234568,54.32215603636054,47.98229173906793,49.248668815309394,51.78984198234607,45.15006022938872,58.57120462068593,45.421473403892776,61.01560673272712,54.739006
2016-05-17 01:00:00,55.0,4,8,97.57300275482092,243.3333333333333,53.333333333333336,55.0,243.831569664903,53.70545225856488,47.66096364740855,48.67237575925783,53.85855388569888,50.18581283712449,50.94204025240474,47.83410995895041,59.795218377024376,52.40347
2016-05-17 02:00:00,51.66666666666666,4,9,97.57300275482092,243.3333333333333,56.66666666666666,56.66666666666666,243.8938492063492,52.59242135339316,46.76487013464832,47.60311758163823,51.59945395877188,48.47728328605491,50.62579042751043,70.46903442288901,64.34679553285511,53.10809
2016-05-17 03:00:00,53.333333333333336,4,10,97.57300275482092,243.3333333333333,53.333333333333336,56.66666666666666,243.9561287477954,50.78414302152899,45.11259299773981,45.646087860802766,50.387003190035806,52.91908503835622,50.40201248452837,62.16291405590511,65.98454567243725,51.802254
2016-05-17 04:00:00,53.333333333333336,4,11,97.57300275482092,243.3333333333333,55.0,50.0,244.0184082892416,51.3397275402016,45.77692695904745,45.10997172121989,49.33878315296871,52.7270282841051,50.36486820680239,80.76986449019812,64.70345020670989,51.51641
2016-05-17 05:00:00,58.333333333333336,4,12,97.57300275482092,243.3333333333333,51.66666666666666,71.66666666666667,244.08068783068785,59.31350797774472,53.82355121284047,53.62559372121597,56.22426735233276,69.02235858192964,59.83467585772453,94.17617614070396,62.97884204533072,55.28267
2016-05-17 06:00:00,56.66666666666666,4,13,97.57300275482092,243.3333333333333,53.333333333333336,63.333333333333336,244.142967372134,68.18173358896962,62.74114765614418,63.36843761620276,57.27227035907015,57.65305939015847,68.38878876306596,64.05710880079755,116.90227791796023,59.267124
2016-05-17 07:00:00,65.0,4,14,97.57300275482092,243.3333333333333,61.66666666666666,60.0,244.20524691358025,97.48704965517553,92.07222338482936,93.13675104161082,51.28346201633477,63.92051525533154,89.51280306876617,49.127713656283234,144.15147077218603,65.87565
2016-05-17 08:00:00,56.66666666666666,4,15,97.57300275482092,243.3333333333333,88.33333333333333,56.66666666666666,244.26752645502643,114.68712915754368,109.29517394046056,110.53929811154008,54.55996660175233,72.06933074371531,92.51362311701632,48.60879783198715,120.78123465901444,66.054016
2016-05-17 09:00:00,51.66666666666666,4,16,97.57300275482092,243.3333333333333,70.0,55.0,244.32980599647263,102.97585233007248,97.62148460776773,99.15744620275854,58.17875706408373,60.9749822002541,82.78688250467978,56.5945051170845,126.37584754894708,57.54052
2016-05-17 10:00:00,53.333333333333336,4,17,97.57300275482092,243.3333333333333,148.33333333333334,53.333333333333336,244.3920855379189,114.7570548076316,109.4170324662381,112.08493661160796,83.61259053674559,103.57755951155808,93.98853116512964,78.64796976501025,128.4063151949366,57.922916
2016-05-17 11:00:00,51.66666666666666,4,18,97.57300275482092,243.3333333333333,103.33333333333331,56.66666666666666,244.45436507936503,114.18918354752924,108.85524142486466,112.5804710818879,105.57590856650914,97.5502320246909,83.77374222926186,53.2079330138626,107.27678323621582,57.70165
2016-05-17 12:00:00,53.333333333333336,4,19,97.57300275482092,243.3333333333333,206.66666666666663,58.333333333333336,244.5166446208113,114.01699752022968,108.6733573207976,111.18179568390474,103.06273386805128,143.6402998456692,88.75061037540998,58.371815392461485,94.5680657288278,62.94131
2016-05-17 13:00:00,41.66666666666666,4,20,97.57300275482092,243.3333333333333,266.6666666666667,53.333333333333336,244.5789241622575,112.69815295264736,107.35951945856854,110.38758155417484,118.99596582402378,123.8964243192194,89.33874480949379,59.66938260003972,98.87102616183576,65.89838
2016-05-17 14:00:00,53.333333333333336,4,21,97.57300275482092,243.3333333333333,88.33333333333333,53.333333333333336,244.6412037037037,99.41407982162076,94.0822333491458,100.7303345346514,89.22198409273844,102.26505365180522,85.75404805987152,65.47152107802869,115.6432909379376,62.517212
2016-05-17 15:00:00,51.66666666666666,4,22,97.57300275482092,243.3333333333333,111.66666666666669,56.66666666666666,244.7034832451499,96.54417842679786,91.21725894251,99.7536206564276,80.85425315628487,100.55270112707343,84.22198716447227,61.33616198798196,95.42909965129572,61.50567
2016-05-17 16:00:00,66.66666666666667,4,23,97.57300275482092,243.3333333333333,88.33333333333333,63.333333333333336,244.7657627865961,123.23321116060475,117.90171407500308,126.72916329338372,72.6205965577522,85.60074983269965,86.39972448856375,51.66635405029181,100.59866882282743,85.113625
2016-05-17 17:00:00,153.33333333333334,4,24,97.57300275482092,243.3333333333333,243.3333333333333,126.66666666666669,244.8280423280423,189.46552091011088,184.1144024307412,192.5551965126496,169.1803806473337,169.1803806473337,155.6756423310846,159.23882881447017,120.93222028491338,175.55649
2016-05-17 18:00:00,100.0,5,1,97.33573849349514,153.33333333333334,155.0,101.66666666666669,153.3655949256343,143.09963357315897,141.63564045118648,144.16935299829277,175.109306486231,139.67581747649146,139.67581747649146,137.32511453617397,184.3403932286166,132.8445
2016-05-17 19:00:00,123.33333333333331,5,2,97.33573849349514,153.33333333333334,115.0,105.0,153.39785651793528,101.1064036556872,99.03170764764576,101.08704598063466,93.85987297578724,124.3199642776196,104.98230686467704,93.4525428705185,122.58510109627332,108.40439
2016-05-17 20:00:00,118.33333333333331,5,3,97.33573849349514,153.33333333333334,96.66666666666669,95.0,153.43011811023624,98.6366434510485,95.84845696786356,96.6395753867328,76.77479316775326,87.56590631032095,105.94098056433688,81.81859356888646,90.5181466456056,89.64334
2016-05-17 21:00:00,65.0,5,4,97.33573849349514,153.33333333333334,68.33333333333333,68.33333333333333,153.4623797025372,68.15148789399245,64.82478778111839,65.32852032800369,64.93659500466747,46.71705911372667,78.46909563640115,76.74186727164283,77.17972118012482,66.82833
2016-05-17 22:00:00,46.66666666666666,5,5,97.33573849349514,153.33333333333334,46.66666666666666,58.333333333333336,153.49464129483815,53.0684645035612,49.348709776710166,50.20265087212332,51.276016889681465,73.23703164050015,57.01477493811548,63.04045255415014,85.06847660094343,53.81108
2016-05-17 23:00:00,55.0,5,6,97.33573849349514,153.33333333333334,60.0,56.66666666666666,153.52690288713913,50.68650922065641,46.62224981083125,46.33443094461363,49.84390622021844,65.48834316866233,52.83484335804542,68.80185187246667,75.05525744409822,53.68378
2016-05-18 00:00:00,51.66666666666666,5,7,97.33573849349514,153.33333333333334,50.0,51.66666666666666,153.55916447944008,49.1653902020277,36.41998075391293,36.875454343896976,39.242302090153984,52.86215689035046,50.06336049546414,72.3714684949089,73.21987327838961,52.498028
2016-05-18 01:00:00,53.333333333333336,5,8,97.33573849349514,153.33333333333334,55.0,56.66666666666666,153.59142607174104,50.59082630271847,37.58013985618385,38.75036574943223,52.30565868301173,52.80967443405409,49.78264532229165,69.6581683949805,65.47221838602077,52.40678
2016-05-18 02:00:00,55.0,5,9,97.33573849349514,153.33333333333334,51.66666666666666,56.66666666666666,153.623687664042,50.504393860029616,37.29145986393813,39.9787912215491,52.416587597531326,47.72177181129222,49.97769144027482,61.55088654154765,60.543014197887885,50.901176
2016-05-18 03:00:00,51.66666666666666,5,10,97.33573849349514,153.33333333333334,53.333333333333336,53.333333333333336,153.65594925634298,49.57778708039805,36.21708359434581,38.2839007459182,55.08951165563017,51.23258352639368,50.62360809509781,61.57693961238476,64.24232942890723,50.927265
2016-05-18 04:00:00,51.66666666666666,5,11,97.33573849349514,153.33333333333334,53.333333333333336,51.66666666666666,153.68821084864393,50.5641957851217,37.09768244794798,38.583531890426016,52.24735163482023,45.85798864004997,51.4367919724748,61.54975863873688,63.40931823323173,50.194225
2016-05-18 05:00:00,65.0,5,12,97.33573849349514,153.33333333333334,58.333333333333336,68.33333333333333,153.7204724409449,58.688959831845125,45.146484090383225,46.00519673583598,61.93458913506033,66.96578715972097,63.74754631726272,68.77619103747338,67.51609508292344,56.18849
2016-05-18 06:00:00,70.0,5,13,97.33573849349514,153.33333333333334,56.66666666666666,110.0,153.75273403324584,67.24783878522334,53.653253408996136,54.13891607987106,69.21751306424177,74.24514097808206,70.89584730433157,82.76592168161282,126.7359074266214,62.787094
2016-05-18 07:00:00,53.333333333333336,5,14,97.33573849349514,153.33333333333334,65.0,76.66666666666667,153.78499562554683,95.68718231436438,82.0507110601161,83.45136951569916,58.49590697514488,80.03983757560572,96.20340792583964,86.95022233581297,147.44002826039426,77.30711
2016-05-18 08:00:00,61.66666666666666,5,15,97.33573849349514,153.33333333333334,56.66666666666666,161.66666666666666,153.81725721784778,111.7646623340234,98.10599535557732,101.11032531958612,77.68616012162943,125.45968546862746,103.15412145167548,117.67035382006225,152.57725149866235,80.41149
2016-05-18 09:00:00,65.0,5,16,97.33573849349514,153.33333333333334,51.66666666666666,65.0,153.84951881014874,100.4154739614219,86.7618445046003,89.89705815850053,65.41176504308683,78.70224420404479,88.24586632353804,104.53024803025605,115.5235089678284,68.37894
2016-05-18 10:00:00,58.333333333333336,5,17,97.33573849349514,153.33333333333334,53.333333333333336,63.333333333333336,153.8817804024497,111.75257348570264,98.09304845571504,101.44874060821824,66.65057519618192,90.97380503792324,93.063653886801,103.7979222271738,125.04569581618236,63.764114
2016-05-18 11:00:00,70.0,5,18,97.33573849349514,153.33333333333334,51.66666666666666,55.0,153.91404199475068,111.152341384412,97.48535540873256,103.1241452695806,83.43910873263528,75.07190099730703,80.97821722268141,97.91070914701734,135.86371755945896,60.854576
2016-05-18 12:00:00,56.66666666666666,5,19,97.33573849349514,153.33333333333334,53.333333333333336,56.66666666666666,153.94630358705163,111.07855247693472,97.39345231142808,103.64430305931305,68.67733675585535,110.6729228739216,79.60537552705895,99.55630658690352,124.77952577518032,64.829094
2016-05-18 13:00:00,86.66666666666667,5,20,97.33573849349514,153.33333333333334,41.66666666666666,73.33333333333333,153.9785651793526,109.28226824909024,95.59681619543942,102.21296247047636,74.16582638406598,115.18587164912012,84.81469900870212,91.31253044122572,113.14367850811132,71.542435
2016-05-18 14:00:00,81.66666666666667,5,21,97.33573849349514,153.33333333333334,53.333333333333336,80.0,154.01082677165354,97.17298757477012,83.48877014631555,92.01567269730891,85.35639673502956,90.04487872537916,78.021780046458,91.33685741984506,114.0444422447614,68.44796
2016-05-18 15:00:00,83.33333333333333,5,22,97.33573849349514,153.33333333333334,51.66666666666666,76.66666666666667,154.04308836395452,94.36263051177556,80.68059580883008,88.13654619161078,77.27520644371793,52.760435384625886,83.29578899330363,91.46323330957368,115.8962150574427,65.864395
2016-05-18 16:00:00,105.0,5,23,97.33573849349514,153.33333333333334,66.66666666666667,75.0,154.07534995625548,120.50558493207107,106.81829627990872,113.11517286565436,60.09063580839209,66.33234896442852,88.8661968579849,102.58404867242037,116.92586898981884,89.03316
2016-05-18 17:00:00,118.33333333333331,5,24,97.33573849349514,153.33333333333334,153.33333333333334,91.66666666666669,154.10761154855643,187.69726942446775,173.98903295707265,182.86203012575655,157.3041538424009,157.3041538424009,128.9887382931659,167.9292161868631,146.2736760551858,169.96883
2016-05-18 18:00:00,178.33333333333334,6,1,97.14394185920384,118.33333333333331,100.0,101.66666666666669,118.35394965277776,138.01720239353466,132.96144756466205,138.8283263698921,174.03615427563315,132.73745313953455,132.73745313953455,152.12225588885858,204.946423561157,133.3299
2016-05-18 19:00:00,143.33333333333334,6,2,97.14394185920384,118.33333333333331,123.33333333333331,95.0,118.3745659722222,93.7903018267868,86.8415346166478,91.88002618680252,103.01140234118029,115.376945046569,108.48237544504808,125.65265818272375,138.7978972704576,111.63916
2016-05-18 20:00:00,223.3333333333333,6,3,97.14394185920384,118.33333333333331,118.33333333333331,85.0,118.39518229166664,94.99048874658484,86.07644589333269,89.89403696544645,87.63727432703331,97.031160549631,101.05702552485124,78.29469242626895,137.32682370874906,92.90424
2016-05-18 21:00:00,81.66666666666667,6,4,97.14394185920384,118.33333333333331,65.0,61.66666666666666,118.41579861111109,64.712697767326,54.43596590350079,57.35733127644002,59.57826128866617,72.06225889258991,65.82248994107336,60.74240359458293,90.71910426365888,67.46734
2016-05-18 22:00:00,51.66666666666666,6,5,97.14394185920384,118.33333333333331,46.66666666666666,55.0,118.43641493055554,49.21434727555062,38.0167908958271,39.12140903581866,66.03090180930273,48.65585979425692,51.94194251781012,55.27443143491656,62.3442683386694,57.192917
2016-05-18 23:00:00,56.66666666666666,6,6,97.14394185920384,118.33333333333331,55.0,56.66666666666666,118.45703125,47.90538745335175,36.08348654148268,36.78450253695152,39.92573322838056,55.13821743040038,49.52497594364258,73.92177997677423,59.47080631027017,56.93673
2016-05-19 00:00:00,51.66666666666666,6,7,97.14394185920384,118.33333333333331,51.66666666666666,56.66666666666666,118.47764756944444,47.36006420426979,41.892398893779706,44.01088126324788,48.691131148332815,44.12681004796242,49.3751958051271,73.70899991267139,67.18120211638103,54.511276
2016-05-19 01:00:00,51.66666666666666,6,8,97.14394185920384,118.33333333333331,53.333333333333336,56.66666666666666,118.49826388888889,49.471095850794256,43.62169836786723,45.83666166740171,50.533423345611816,48.18470442934598,51.073016847054966,68.79634900347259,59.81997228645317,54.34717
2016-05-19 02:00:00,50.0,6,9,97.14394185920384,118.33333333333331,55.0,56.66666666666666,118.51888020833331,49.89547649312653,43.74394104589382,45.03106220518433,57.7466009115231,42.51389218797291,51.18038462468499,70.15861237744085,61.24439929626738,53.80954
2016-05-19 03:00:00,51.66666666666666,6,10,97.14394185920384,118.33333333333331,51.66666666666666,50.0,118.53949652777776,49.12847803684769,42.75077550408301,43.78734561996785,55.16154943518257,50.61446939786894,51.10727941732926,71.52921113180831,60.490990538535456,52.810795
2016-05-19 04:00:00,56.66666666666666,6,11,97.14394185920384,118.33333333333331,51.66666666666666,56.66666666666666,118.5601128472222,50.24182395440059,43.699626786566654,45.18906763839981,55.49091221489887,47.155273232374135,54.3738058142261,70.77320072613843,58.38494554598545,51.851276
2016-05-19 05:00:00,55.0,6,12,97.14394185920384,118.33333333333331,65.0,61.66666666666666,118.58072916666664,58.720891223546296,52.05999923964437,53.630096140635175,56.38135407942746,57.91348382679612,61.98409176636196,79.3441205883738,60.815698855100806,52.672947
2016-05-19 06:00:00,58.333333333333336,6,13,97.14394185920384,118.33333333333331,70.0,48.333333333333336,118.60134548611109,67.18288265567178,60.44009186538953,61.61813123372083,67.59477710304787,72.53609474541615,66.37296376847638,85.41093921811705,68.27013953685739,60.35261
2016-05-19 07:00:00,50.0,6,14,97.14394185920384,118.33333333333331,53.333333333333336,58.333333333333336,118.62196180555554,93.55181366676057,86.74928041986281,87.85030405515535,59.45472970004655,83.60259276113798,89.47493137822161,68.68937323724045,119.61863142015808,69.32515
2016-05-19 08:00:00,53.333333333333336,6,15,97.14394185920384,118.33333333333331,61.66666666666666,51.66666666666666,118.642578125,109.294467881895,102.4558329635635,103.91923535689946,69.56404986962794,86.79319094455329,95.91804887192002,74.41888375920793,124.71838121160214,74.28523
2016-05-19 09:00:00,36.66666666666666,6,16,97.14394185920384,118.33333333333331,65.0,48.333333333333336,118.66319444444444,98.65167560505604,91.80652980155864,93.60734866655592,75.9327045250547,78.81950814389577,81.80884644681635,106.08277874920915,145.25053746795686,63.589417
2016-05-19 10:00:00,55.0,6,17,97.14394185920384,118.33333333333331,58.333333333333336,58.333333333333336,118.68381076388889,109.15605390081588,102.29934745259013,105.02165986456316,80.52414152900427,71.28579308394359,88.21125800514761,101.28462297730648,133.9625637088556,61.22664
2016-05-19 11:00:00,51.66666666666666,6,18,97.14394185920384,118.33333333333331,70.0,50.0,118.70442708333331,109.13824490480164,102.26901749297672,106.099072697634,90.2987390202137,57.54121164670848,82.76910264967773,111.31728383132278,126.91619207715136,58.048317
2016-05-19 12:00:00,55.0,6,19,97.14394185920384,118.33333333333331,56.66666666666666,55.0,118.72504340277776,108.44736943000154,101.5585616790033,104.29510804052816,93.31487872623576,92.7283776545242,81.11765558662546,119.436550692183,99.3210895835344,60.83955
2016-05-19 13:00:00,50.0,6,20,97.14394185920384,118.33333333333331,86.66666666666667,56.66666666666666,118.7456597222222,108.14485868956464,101.25177371468128,100.72350559601044,109.98925690175636,113.66802218849938,87.70688999871037,116.85780628413602,104.85398665483494,63.372208
2016-05-19 14:00:00,63.333333333333336,6,21,97.14394185920384,118.33333333333331,81.66666666666667,56.66666666666666,118.76627604166664,96.37077767213545,89.47709951184495,86.04994345233344,85.4000527930367,70.75598098136891,83.3122685696625,99.36704093575086,80.49415110316959,60.069645
2016-05-19 15:00:00,81.66666666666667,6,22,97.14394185920384,118.33333333333331,83.33333333333333,68.33333333333333,118.78689236111109,93.77152146910896,86.87877521360235,85.27887677043111,76.63210397178626,68.54701720402413,83.54174113489448,101.79411345786237,94.58517371779786,66.14139
2016-05-19 16:00:00,90.0,6,23,97.14394185920384,118.33333333333331,105.0,118.33333333333331,118.80750868055554,119.70534896417998,112.8072853728566,113.30150887681462,102.63600983664088,112.00542054903777,97.02322528348536,132.49740216614336,109.52504924665016,95.53716
2016-05-19 17:00:00,208.3333333333333,6,24,97.14394185920384,118.33333333333331,118.33333333333331,208.3333333333333,118.828125,184.3722448359416,177.45704586323754,174.0182284480093,209.39957710175787,209.39957710175787,161.0019622007062,229.57867608828343,125.71397931876744,164.81061
2016-05-19 18:00:00,120.0,7,1,97.00624260036597,208.3333333333333,178.33333333333334,105.0,208.38285960378985,168.86435647131594,166.39469803470746,163.97897888276097,210.5226312924442,130.28394620895543,130.28394620895543,251.0321610096488,161.63555666194569,173.91458
2016-05-19 19:00:00,98.33333333333331,7,2,97.00624260036597,208.3333333333333,143.33333333333334,123.33333333333331,208.4323858742463,126.85402102630592,123.40412695382612,123.10364634317152,126.30763478030264,114.77572541487974,126.9801601716003,189.6662103517488,134.03668837669468,127.78559
2016-05-19 20:00:00,118.33333333333331,7,3,97.00624260036597,208.3333333333333,223.3333333333333,100.0,208.4819121447028,120.79140253929673,116.26270866297052,118.9942087552627,112.32803947316027,116.94140229959598,121.87728976486976,146.4682654066782,131.79032843452768,100.68315
2016-05-19 21:00:00,66.66666666666667,7,4,97.00624260036597,208.3333333333333,81.66666666666667,71.66666666666667,208.53143841515933,79.76421465457223,74.52162658284581,77.34485637443957,50.75674052783916,60.28345191402979,86.05189532940669,110.68699467998862,90.73030684140988,70.572174
2016-05-19 22:00:00,50.0,7,5,97.00624260036597,208.3333333333333,51.66666666666666,60.0,208.58096468561584,61.09757485483343,55.30835022297409,57.63176674008311,50.08304002025738,50.733551351151206,59.53344404743736,74.4515778971061,65.17647695981321,56.927246
2016-05-19 23:00:00,56.66666666666666,7,6,97.00624260036597,208.3333333333333,56.66666666666666,56.66666666666666,208.63049095607232,56.95758168141036,50.68207591085327,53.24732635742346,52.99051910695437,46.75439304529684,49.26659172056853,71.37400441798266,60.7940004669869,54.09811
2016-05-20 00:00:00,51.66666666666666,7,7,97.00624260036597,208.3333333333333,51.66666666666666,55.0,208.68001722652883,53.02877367423889,62.97577531970806,65.04907135825947,52.18744390770007,49.153181445621016,49.93091190063147,71.33293903640377,61.5577227890157,53.859207
2016-05-20 01:00:00,51.66666666666666,7,8,97.00624260036597,208.3333333333333,51.66666666666666,53.333333333333336,208.72954349698531,53.0228513285528,62.78931142724929,65.52157211997324,52.90746169050126,47.94624971967824,49.88642267584696,72.1986788905548,70.53111870498986,52.48085
2016-05-20 02:00:00,36.66666666666666,7,9,97.00624260036597,208.3333333333333,50.0,58.333333333333336,208.77906976744185,52.06644588582163,61.75347080323582,64.34113064620404,51.53873421349429,46.93185520352097,50.31882710409893,73.63359773017461,60.94541335643699,51.937
2016-05-20 03:00:00,58.333333333333336,7,10,97.00624260036597,208.3333333333333,51.66666666666666,58.333333333333336,208.82859603789836,50.59816830841931,60.25582136841228,62.7228805347124,48.956159671795504,45.85398836790528,51.74718584893255,76.33473267438059,59.29009806007173,51.185772
2016-05-20 04:00:00,51.66666666666666,7,11,97.00624260036597,208.3333333333333,56.66666666666666,50.0,208.87812230835485,51.37544061806846,61.02606087424648,64.37678458634534,49.52490097780896,47.63898358140168,52.25607952547288,77.01068936315471,60.60528266209937,50.373566
2016-05-20 05:00:00,61.66666666666666,7,12,97.00624260036597,208.3333333333333,55.0,58.333333333333336,208.92764857881136,59.04933622062708,68.70123158293738,71.58346744118903,37.97074982239252,51.15422220648516,57.08912809043822,87.14745247749069,96.39488251145195,55.542843
2016-05-20 06:00:00,66.66666666666667,7,13,97.00624260036597,208.3333333333333,58.333333333333336,146.66666666666666,208.97717484926784,67.061430832247,76.7187224474573,78.37029571104576,78.9193688361177,97.71941015121084,77.31758162560743,117.35864917276768,115.20476271417502,69.30275
2016-05-20 07:00:00,80.0,7,14,97.00624260036597,208.3333333333333,50.0,176.66666666666666,209.02670111972435,91.67014583068232,101.33174712374998,103.45147482914886,119.49842417108285,133.43800842968713,138.6222311599947,117.99234352153051,191.45025487516924,134.80612
2016-05-20 08:00:00,126.66666666666669,7,15,97.00624260036597,208.3333333333333,53.333333333333336,338.3333333333333,209.0762273901809,106.7463399774081,116.4155993419545,118.52989838572076,168.90301487398912,211.1803462203836,175.60845826581857,189.47155294241875,235.74567134997832,139.97662
2016-05-20 09:00:00,73.33333333333333,7,16,97.00624260036597,208.3333333333333,36.66666666666666,93.33333333333331,209.12575366063737,95.7673144697913,105.45916886371351,107.34019469623648,111.48773948717631,118.19230319954012,153.96468297664177,128.7413537921063,188.34046378393455,140.50192
2016-05-20 10:00:00,81.66666666666667,7,17,97.00624260036597,208.3333333333333,55.0,73.33333333333333,209.17527993109385,106.6045776845663,116.30429714157611,119.50723803399572,152.1722111168109,130.38377171761857,150.3223164858498,131.25030509675068,174.9390349214542,142.48853
2016-05-20 11:00:00,73.33333333333333,7,18,97.00624260036597,208.3333333333333,51.66666666666666,355.0,209.2248062015504,106.40957830757972,116.11060489839268,119.91731607773563,239.76824921066307,186.02739053680745,148.79444517719892,181.34436576375603,245.86861801866715,151.51172
2016-05-20 12:00:00,71.66666666666667,7,19,97.00624260036597,208.3333333333333,55.0,301.6666666666667,209.27433247200688,105.8935706468549,115.58442166812485,120.52154906779056,245.8613477647246,167.3727149277608,137.53353582365742,180.6416361273436,242.56580122569105,150.48819
2016-05-20 13:00:00,61.66666666666666,7,20,97.00624260036597,208.3333333333333,50.0,268.3333333333333,209.3238587424634,105.36202571451156,115.05488226195736,122.18121093566856,216.09890014667664,165.25483669817123,154.01114538032715,176.66317381626732,182.7553111070984,148.4883
2016-05-20 14:00:00,60.0,7,21,97.00624260036597,208.3333333333333,63.333333333333336,318.3333333333333,209.37338501291987,94.75957775073186,104.4542120501446,113.022269343176,171.46269396702124,154.52147740375335,123.63398881700864,128.57720269997577,170.17112851149489,145.57178
2016-05-20 15:00:00,46.66666666666666,7,22,97.00624260036597,208.3333333333333,81.66666666666667,201.66666666666663,209.4229112833764,93.13824282282076,102.83504623341176,111.99954413632788,139.6827584159616,147.77705606543915,123.1441926187418,109.41445929589662,156.36474949729848,143.13792
2016-05-20 16:00:00,48.333333333333336,7,23,97.00624260036597,208.3333333333333,90.0,351.6666666666667,209.4724375538329,118.24457731657796,127.93901783643884,136.23730107033705,135.14047411329173,99.85505022718073,121.37915454283348,102.77778141168436,168.64696176163773,171.31734
2016-05-20 17:00:00,75.0,7,24,97.00624260036597,208.3333333333333,208.3333333333333,231.66666666666663,209.5219638242894,185.4263066106558,195.10230269800283,201.7668198575331,189.70274877886203,189.70274877886203,192.23185670931292,131.73918660649434,204.8768718510875,197.0567
2016-05-20 18:00:00,78.33333333333333,8,1,96.80070490227492,75.0,120.0,348.3333333333333,75.00641025641026,107.68114886728816,112.4649806157959,112.6944487093644,193.24718157259943,168.5617395431538,168.5617395431538,120.60172724838095,195.7811190792373,100.83533
2016-05-20 19:00:00,65.0,8,2,96.80070490227492,75.0,98.33333333333331,208.3333333333333,75.01282051282051,72.50682513151338,79.01613712564196,78.1217697129145,115.8173975474352,107.28653626217904,124.82753294898691,89.82147076843417,151.66509630669654,92.8908
2016-05-20 20:00:00,70.0,8,3,96.80070490227492,75.0,118.33333333333331,120.0,75.01923076923077,85.08838929426442,93.20965988223,91.14932566374858,103.43243010138184,94.33640852280624,99.1742589714218,94.6215380245751,107.736224769239,84.75158
2016-05-20 21:00:00,65.0,8,4,96.80070490227492,75.0,66.66666666666667,63.333333333333336,75.02564102564102,53.13781082771827,62.14912410745482,60.19675389336573,72.85034661503036,83.6495758014552,58.666996375890406,66.80012761975772,109.45350541745304,71.37845
2016-05-20 22:00:00,53.333333333333336,8,5,96.80070490227492,75.0,50.0,55.0,75.03205128205128,40.40655731120688,50.11284095696382,48.43258510951526,56.58572446085088,54.54733216775814,55.73795872605339,50.27728877927766,75.00807008627787,59.81936
2016-05-20 23:00:00,45.0,8,6,96.80070490227492,75.0,56.66666666666666,61.66666666666666,75.03846153846153,42.73635577228197,53.07052471009673,51.14271748602443,49.87545593220812,63.58574931720359,54.98714883740082,44.61258273242934,62.79732643369067,57.332245
2016-05-21 00:00:00,48.333333333333336,8,7,96.80070490227492,75.0,51.66666666666666,58.333333333333336,75.0448717948718,43.90753223351249,45.78370171087885,44.06430558431106,46.52122355900812,62.35107929628637,51.69412882837183,43.68218609474705,64.11766977717924,55.633877
2016-05-21 01:00:00,51.66666666666666,8,8,96.80070490227492,75.0,51.66666666666666,63.333333333333336,75.05128205128206,47.17566376966018,49.02557515621575,48.27743550864446,47.136578287260114,57.38044340775746,53.85248734028604,46.71569000054976,65.54779465177477,54.922092
2016-05-21 02:00:00,56.66666666666666,8,9,96.80070490227492,75.0,36.66666666666666,60.0,75.0576923076923,47.64179921383515,49.33809264271464,48.60503661749416,49.22668549780911,42.27479844830916,52.507524994845575,47.48387821797401,69.63112805249352,53.339527
2016-05-21 03:00:00,48.333333333333336,8,10,96.80070490227492,75.0,58.333333333333336,60.0,75.06410256410257,48.58106184794568,50.09755013981082,49.85659309740032,46.7455944292397,49.073521182461,52.6975568391759,46.86898557824828,77.84896958438405,52.767612
2016-05-21 04:00:00,56.66666666666666,8,11,96.80070490227492,75.0,51.66666666666666,60.0,75.07051282051282,49.85016446236015,51.20599419922954,51.26288681286626,47.116948993761575,49.2620695399048,54.55975824802735,47.52782632006054,82.19088559544583,54.562695
2016-05-21 05:00:00,51.66666666666666,8,12,96.80070490227492,75.0,61.66666666666666,56.66666666666666,75.07692307692308,58.16762149060108,59.391969092878185,59.50574046639588,49.55703355323461,55.5535941071009,53.61321990521965,47.76381912805128,82.49390456811959,53.75951
2016-05-21 06:00:00,60.0,8,13,96.80070490227492,75.0,66.66666666666667,63.333333333333336,75.08333333333333,66.37824540455213,67.50350305348448,68.18439766282513,62.202187148024414,75.11892823735249,64.41642168460541,57.94586770741663,94.03526182137804,57.93985
2016-05-21 07:00:00,56.66666666666666,8,14,96.80070490227492,75.0,80.0,113.33333333333331,75.08974358974359,90.67426013441992,91.7261273629318,92.2994196756339,104.18824434855053,114.91163931646024,85.23785703722747,89.11605270968329,165.43956863279223,74.908844
2016-05-21 08:00:00,208.3333333333333,8,15,96.80070490227492,75.0,126.66666666666669,133.33333333333334,75.09615384615384,107.36892417124002,108.36961247543547,108.74443750975615,124.22100749019027,116.6085042978662,131.76107524673438,123.21524936561376,148.96898785336438,89.10509
2016-05-21 09:00:00,310.0,8,16,96.80070490227492,75.0,73.33333333333333,118.33333333333331,75.1025641025641,94.4912919870598,95.47601708326413,96.08153151729972,129.09462443192686,123.3251267095641,138.9662936087319,132.6538499855843,167.39601528565802,97.6901
2016-05-21 10:00:00,383.3333333333333,8,17,96.80070490227492,75.0,81.66666666666667,158.33333333333334,75.10897435897436,105.2666240806236,106.23118632240158,107.52036921606134,148.58660951623727,163.5765666075429,158.21662512921725,141.3385669421558,169.8798870727382,109.502655
2016-05-21 11:00:00,431.6666666666667,8,18,96.80070490227492,75.0,73.33333333333333,96.66666666666669,75.11538461538461,104.72530218204992,105.6725312338307,107.71419386589491,131.85402033211136,133.45251368812143,132.27366047285307,142.50261063475503,179.7248286112133,101.1694
2016-05-21 12:00:00,228.3333333333333,8,19,96.80070490227492,75.0,71.66666666666667,116.66666666666669,75.12179487179488,104.17775714016624,105.10242564386766,107.80230979839672,145.99465613938025,145.2987131802733,133.3575183002164,150.00389531433905,177.11339072011378,92.81512
2016-05-21 13:00:00,343.3333333333333,8,20,96.80070490227492,75.0,61.66666666666666,113.33333333333331,75.12820512820512,103.2165109903205,104.13496031812122,106.84458213858488,126.23755896787362,126.2972397325482,131.9507082357833,158.88844203401638,148.9134862545276,90.57797
2016-05-21 14:00:00,303.3333333333333,8,21,96.80070490227492,75.0,60.0,106.66666666666669,75.13461538461539,93.0420927128806,93.95589940642802,95.86051617055767,115.26688837500215,101.71484455107112,136.15906512432824,145.6994545224088,110.30026840139098,85.14191
2016-05-21 15:00:00,361.6666666666667,8,22,96.80070490227492,75.0,46.66666666666666,130.0,75.14102564102564,90.8773726452542,91.79009108383109,92.1273486243782,120.51117911470224,128.32395206184253,138.03960497384668,152.34588695667665,116.28613413021093,81.770744
2016-05-21 16:00:00,100.0,8,23,96.80070490227492,75.0,48.333333333333336,111.66666666666669,75.1474358974359,114.88834775918885,115.79766478619662,114.25713637758332,135.84307391599495,120.96868458575416,151.35765985941802,147.1915733738404,114.13239941315032,92.0758
2016-05-21 17:00:00,95.0,8,24,96.80070490227492,75.0,75.0,241.66666666666663,75.15384615384616,180.17276812657815,181.06524312627064,179.80124153562872,168.24968049580335,168.24968049580335,163.64395433611773,178.8339220382523,101.251895675397,115.602036
2016-05-21 18:00:00,125.0,9,1,97.1976682564918,95.0,78.33333333333333,166.66666666666666,95.01272264631044,127.29396153468004,126.0002295051605,127.20465529444714,149.7469391567015,203.78247347976952,203.78247347976952,151.9722135110427,107.67815203184138,116.016365
2016-05-21 19:00:00,108.33333333333331,9,2,97.1976682564918,95.0,65.0,90.0,95.02544529262086,83.4642377437064,82.74924768366454,83.99541753460878,128.3202650168693,163.1853254636854,165.92050026727193,127.91221602262384,128.09218812175533,97.109146
2016-05-21 20:00:00,95.0,9,3,97.1976682564918,95.0,70.0,86.66666666666667,95.0381679389313,94.90480296160216,94.0592539135766,93.65557196954173,105.61442553916568,152.73715993605566,120.21976114490226,130.35461320631515,134.26065774196084,85.18243
2016-05-21 21:00:00,135.0,9,4,97.1976682564918,95.0,65.0,75.0,95.05089058524172,57.16901654505638,56.252292746969175,54.61596428072725,102.20930860748346,98.685544729426,85.48005884478377,107.87786575001574,96.8694197231748,65.59876
2016-05-21 22:00:00,73.33333333333333,9,5,97.1976682564918,95.0,53.333333333333336,61.66666666666666,95.06361323155215,39.50083473240144,39.21210449579627,37.19552736621922,61.05378711084921,55.18237622877268,65.54799744520255,52.55670523767207,55.8044551327499,57.01769
2016-05-21 23:00:00,148.33333333333334,9,6,97.1976682564918,95.0,45.0,48.333333333333336,95.0763358778626,40.96899133988049,41.7879377876275,39.24962834335012,53.2071736689761,51.92473018487145,54.54365799111514,54.00811400724854,57.45737576292357,55.97901
2016-05-22 00:00:00,60.0,9,7,97.1976682564918,95.0,48.333333333333336,53.333333333333336,95.08905852417304,42.89793947095978,45.72527327812702,42.22731009967307,51.28101285533384,40.77309426995026,48.688838333786336,52.39052851946569,66.91217678434803,54.78814
2016-05-22 01:00:00,56.66666666666666,9,8,97.1976682564918,95.0,51.66666666666666,55.0,95.10178117048346,46.58637103193264,49.57635407326728,46.37877001180156,51.60633122440042,48.67488976731268,50.4978275341839,54.725292981883165,65.72079692625368,54.799107
2016-05-22 02:00:00,51.66666666666666,9,9,97.1976682564918,95.0,56.66666666666666,51.66666666666666,95.1145038167939,47.53031036246345,50.46257361634967,46.87508369307221,51.940454678849584,49.94183369847328,50.36943516564957,55.231395701604654,70.74359317228641,53.90535
2016-05-22 03:00:00,53.333333333333336,9,10,97.1976682564918,95.0,48.333333333333336,40.0,95.12722646310432,48.20339994326703,51.00363023631934,46.314553512170775,53.71907856764106,45.75072131650608,51.081585553004544,53.24958924464925,80.06270778897739,53.40868
2016-05-22 04:00:00,55.0,9,11,97.1976682564918,95.0,56.66666666666666,51.66666666666666,95.13994910941476,49.91089086893549,52.571831726018544,48.85348225606312,50.99876715397699,49.2860056708148,50.04093431990877,55.3102925588353,72.85769089290359,52.36346
2016-05-22 05:00:00,50.0,9,12,97.1976682564918,95.0,51.66666666666666,56.66666666666666,95.1526717557252,57.67205265476334,60.21144197461484,57.120018647168806,59.25357967652987,56.16036002482108,57.83643350075926,61.40233805651915,81.59750240404517,55.605145
2016-05-22 06:00:00,58.333333333333336,9,13,97.1976682564918,95.0,60.0,51.66666666666666,95.16539440203562,65.93173219780346,68.37499451888735,64.60158566784924,60.253409986053576,52.53428874248236,58.92556078114377,68.41704812256651,85.81976743793052,56.475235
2016-05-22 07:00:00,63.333333333333336,9,14,97.1976682564918,95.0,56.66666666666666,93.33333333333331,95.17811704834604,88.95981236451273,91.33161729337444,88.71229626242804,89.17431811922235,63.78844648229963,90.89788623121682,100.85215298890968,115.1046137022265,65.920906
2016-05-22 08:00:00,190.0,9,15,97.1976682564918,95.0,208.3333333333333,118.33333333333331,95.19083969465647,112.00041867539166,114.3121818536176,111.64814548538656,141.71403787847723,86.88842083735666,126.50343237338036,151.33732732010435,141.63758969268318,89.57862
2016-05-22 09:00:00,113.33333333333331,9,16,97.1976682564918,95.0,310.0,101.66666666666669,95.20356234096693,104.504558227498,106.79152142209728,104.4742598350008,194.64479953591533,150.30476564385893,134.4061204370838,167.8142362372892,160.21377381504308,95.221985
2016-05-22 10:00:00,201.66666666666663,9,17,97.1976682564918,95.0,383.3333333333333,108.33333333333331,95.21628498727736,118.22012323492451,120.4819668711377,118.73844795494966,114.2306373016397,114.46831534581224,117.3725975224036,106.15755941096702,124.08890102732126,105.99064
2016-05-22 11:00:00,343.3333333333333,9,18,97.1976682564918,95.0,431.6666666666667,105.0,95.22900763358778,119.9748860523141,122.21566956710572,122.88626767351788,166.12951806253614,149.26918125819574,162.12110396104123,135.2977828782691,141.54236170434962,90.28589
2016-05-22 12:00:00,126.66666666666669,9,19,97.1976682564918,95.0,228.3333333333333,96.66666666666669,95.24173027989822,109.92216050535588,112.15233426554136,115.62285201389864,259.3433787766497,191.8637779810894,196.3307127116209,183.4377038450256,179.56684744346953,77.43971
2016-05-22 13:00:00,103.33333333333331,9,20,97.1976682564918,95.0,343.3333333333333,136.66666666666666,95.25445292620866,114.3998165122496,116.61632478632475,120.29502282668938,155.42208907379083,134.63185038436325,135.46660870615688,143.24725402766404,127.92612084724826,75.791916
2016-05-22 14:00:00,106.66666666666669,9,21,97.1976682564918,95.0,303.3333333333333,88.33333333333333,95.26717557251908,102.828117519507,105.04139720972547,110.06817707354922,98.63667824215986,121.54256649773146,136.9639689112209,142.83566347187084,128.61456868753308,69.50079
2016-05-22 15:00:00,96.66666666666669,9,22,97.1976682564918,95.0,361.6666666666667,93.33333333333331,95.27989821882952,103.50070932542934,105.70895289861768,112.1867902786824,66.5299798190542,114.76377987317842,108.01153060330736,110.29311180696592,99.56482933683492,67.77224
2016-05-22 16:00:00,88.33333333333333,9,23,97.1976682564918,95.0,100.0,143.33333333333334,95.29262086513997,114.11755523559084,116.33929593440998,122.58530069679398,145.1862414182034,187.67353570955703,158.89213393852592,180.49361210541767,148.4687628624411,84.16727
2016-05-22 17:00:00,265.0,9,24,97.1976682564918,95.0,95.0,236.66666666666663,95.3053435114504,176.10683956536013,178.31653044300052,183.14611741159013,173.25977741405526,173.25977741405526,174.2221390892392,151.87992776707546,144.45906095409245,140.31734
2016-05-22 18:00:00,120.0,10,1,97.33512148942884,265.0,125.0,98.33333333333331,265.0662878787879,181.43078730492516,181.49636471034387,182.51851052660612,187.47158844832865,152.83108743899828,152.83108743899828,161.73450788873518,150.25576461235892,150.91603
2016-05-22 19:00:00,96.66666666666669,10,2,97.33512148942884,265.0,108.33333333333331,96.66666666666669,265.1325757575757,143.00271387324574,143.68652949864918,143.96117652877342,153.87406336175027,116.6994192562326,122.65830798343036,107.61109264886151,130.92675048061483,119.84839
2016-05-22 20:00:00,116.66666666666669,10,3,97.33512148942884,265.0,95.0,246.66666666666663,265.1988636363636,129.7862196870559,130.89137505862124,131.68716162500775,143.62206192149537,135.22846113987492,162.55736983872723,80.9854364936196,139.4279778603507,102.60943
2016-05-22 21:00:00,88.33333333333333,10,4,97.33512148942884,265.0,135.0,203.3333333333333,265.2651515151515,89.75303762843127,91.25404966850196,92.917165838193,142.15966020154042,103.1258019302132,122.03097996733028,94.32445055107594,133.61404496574505,73.02616
2016-05-22 22:00:00,78.33333333333333,10,5,97.33512148942884,265.0,73.33333333333333,86.66666666666667,265.3314393939394,68.10208047071339,69.82133128321148,70.78121560179405,78.40960474524049,74.1630191158398,84.61943924287355,63.19046990838535,88.75698874126007,58.592453
2016-05-22 23:00:00,60.0,10,6,97.33512148942884,265.0,148.33333333333334,83.33333333333333,265.39772727272725,66.06402269986208,67.70848517641379,67.22971948659627,115.72380178692624,88.83406806567426,91.41998697358775,88.02560571614278,101.91734165663983,56.720043
2016-05-23 00:00:00,58.333333333333336,10,7,97.33512148942884,265.0,60.0,61.66666666666666,265.4640151515151,56.42557835656294,67.84996356961625,65.70560833358722,72.99528698105266,65.82120569574741,62.26063829416662,56.25990309985863,57.47727622514743,56.01659
2016-05-23 01:00:00,51.66666666666666,10,8,97.33512148942884,265.0,56.66666666666666,53.333333333333336,265.530303030303,55.12205794909795,66.59594160144405,64.76236895723288,78.37918710260904,54.78097115138184,53.390137001159445,62.42538528272807,72.88819052222757,55.3366
2016-05-23 02:00:00,58.333333333333336,10,9,97.33512148942884,265.0,51.66666666666666,56.66666666666666,265.59659090909093,52.823402981932496,64.41434387456216,63.05869508878825,62.14256381259088,51.95019816397051,53.23675512743355,52.34063016742997,69.91411856508152,54.301914
2016-05-23 03:00:00,51.66666666666666,10,10,97.33512148942884,265.0,53.333333333333336,53.333333333333336,265.6628787878788,51.65904901151247,63.37321753877812,62.45529773637664,64.02286751681098,50.83148084130577,51.62961447645178,50.35529723064751,71.85320779831474,53.42832
2016-05-23 04:00:00,50.0,10,11,97.33512148942884,265.0,55.0,55.0,265.7291666666667,52.16702584060352,63.98875877121595,62.59066011226801,63.623496996160696,55.02117706379656,51.892261751441815,50.77353973592341,72.01642424859695,54.3304
2016-05-23 05:00:00,66.66666666666667,10,12,97.33512148942884,265.0,50.0,51.66666666666666,265.79545454545456,58.5685891747249,70.47598069016891,69.06879373027883,63.1549419276564,51.46953665977594,58.12640269059649,52.82234606817707,85.81654096061733,57.924854
2016-05-23 06:00:00,60.0,10,13,97.33512148942884,265.0,58.333333333333336,53.333333333333336,265.86174242424244,66.3478173123943,78.31929277854327,76.55724365035547,80.07066677198534,52.93279048940468,60.49786976174335,59.08657605061564,101.29961229853896,57.907124
2016-05-23 07:00:00,56.66666666666666,10,14,97.33512148942884,265.0,63.333333333333336,61.66666666666666,265.9280303030303,88.22301529374295,100.24288715689543,97.39350458454096,86.81072537733216,64.91294969616447,78.34911778955046,79.91068288116956,123.20812550246566,60.418713
2016-05-23 08:00:00,51.66666666666666,10,15,97.33512148942884,265.0,190.0,88.33333333333333,265.9943181818182,115.9268161043903,127.96629882084518,124.8318569476636,132.71090778990757,108.81911186228172,112.18992268966588,115.7549163868519,119.39188446360374,61.746857
2016-05-23 09:00:00,55.0,10,16,97.33512148942884,265.0,113.33333333333331,70.0,266.06060606060606,105.06345051662257,117.14182014894776,115.54870437309776,116.31008137692616,61.55892258991081,102.74194317799144,111.5683368854846,126.809084783595,57.652336
2016-05-23 10:00:00,51.66666666666666,10,17,97.33512148942884,265.0,201.66666666666663,148.33333333333334,266.12689393939394,122.1986185785471,134.28903236049405,134.5305857786348,152.59223249633413,120.0857870754381,137.3103763984305,133.54703128169734,148.85547871089483,61.871098
2016-05-23 11:00:00,56.66666666666666,10,18,97.33512148942884,265.0,343.3333333333333,103.33333333333331,266.1931818181818,130.4632198972547,142.55286331549422,145.2902512347896,92.17094318490402,70.27640552263152,124.67086930887253,96.43872367799668,111.48716941507028,63.923576
2016-05-23 12:00:00,61.66666666666666,10,19,97.33512148942884,265.0,126.66666666666669,206.66666666666663,266.2594696969697,110.69104942597258,122.80157911807704,127.9891267641744,117.58608755391754,114.54411457535824,167.0946336293169,130.32526759809866,141.79057459283175,66.792656
2016-05-23 13:00:00,56.66666666666666,10,20,97.33512148942884,265.0,103.33333333333331,266.6666666666667,266.3257575757576,113.84443751698456,125.95614594669836,131.89786912065696,159.91322205959167,181.14182235992783,141.02813128897637,146.8816323871581,160.2143255810785,69.317474
2016-05-23 14:00:00,58.333333333333336,10,21,97.33512148942884,265.0,106.66666666666669,88.33333333333333,266.39204545454544,102.95869288831186,115.07480129254648,123.12110276287136,66.47266402390449,83.98561736146969,116.03013980408002,94.79417142879848,92.15264431064271,67.414314
2016-05-23 15:00:00,73.33333333333333,10,22,97.33512148942884,265.0,96.66666666666669,111.66666666666669,266.4583333333333,103.12267885915664,115.24016685473724,125.1023427572839,97.25594019801834,102.17479901081762,121.93188310218112,107.77127970458815,123.79721016200578,66.41014
2016-05-23 16:00:00,156.66666666666666,10,23,97.33512148942884,265.0,88.33333333333333,88.33333333333333,266.5246212121212,112.84579447446566,124.98093328780529,135.89542577470692,114.51170518731516,91.1062029298272,123.84179486924036,106.22665635855414,118.94409838873516,91.92449
2016-05-23 17:00:00,380.0,10,24,97.33512148942884,265.0,265.0,243.3333333333333,266.59090909090907,180.2086519751276,192.32788044921688,203.5789375105476,133.80743220374177,133.80743220374177,201.03090580793145,148.76300420662483,168.12473743989491,185.27985
2016-05-23 18:00:00,123.33333333333331,11,1,97.2345756341998,380.0,120.0,155.0,380.1018170426065,239.95158426616837,244.6566557379705,248.10939246056617,120.5314882885751,285.0370652329675,285.0370652329675,137.38618536065138,160.58943093254777,194.81201
2016-05-23 19:00:00,120.0,11,2,97.2345756341998,380.0,96.66666666666669,115.0,380.203634085213,192.8872512466212,198.94126034855387,201.798705188725,96.9978439351136,256.11785769187986,191.09343981866405,122.0563880753407,133.45263729170765,138.78848
2016-05-23 20:00:00,105.0,11,3,97.2345756341998,380.0,116.66666666666669,96.66666666666669,380.30545112781954,164.1068930180956,171.6395218325958,174.35657806312298,91.559822474865,197.76652000884803,214.19230485092132,110.2462505487613,106.31443389428192,108.86457
2016-05-23 21:00:00,68.33333333333333,11,4,97.2345756341998,380.0,88.33333333333333,68.33333333333333,380.4072681704261,116.50371348779404,125.16070037929346,126.7757985102254,74.49698017755993,117.68740102865652,116.70804670119752,88.20047272810343,99.74007983931736,72.20863
2016-05-23 22:00:00,63.333333333333336,11,5,97.2345756341998,380.0,78.33333333333333,46.66666666666666,380.50908521303256,89.59334726153472,98.758917322056,98.67983489813948,63.47853207233708,67.9911228561604,102.32606224060504,72.7414310379459,86.70847109812216,55.61574
2016-05-23 23:00:00,58.333333333333336,11,6,97.2345756341998,380.0,60.0,60.0,380.6109022556391,80.29478510135687,89.50783469552955,88.98359350038277,80.2918398167428,119.19530950284494,76.30408511839374,81.48031747408567,85.88796377301985,55.877823
2016-05-24 00:00:00,50.0,11,7,97.2345756341998,380.0,58.333333333333336,50.0,380.7127192982456,65.71547140230898,57.591189587616746,59.12434073153554,51.31432751412172,52.57221012687614,58.48819481566174,56.43806603435415,71.10388010418728,54.587753
2016-05-24 01:00:00,56.66666666666666,11,8,97.2345756341998,380.0,51.66666666666666,55.0,380.81453634085216,60.78218955961631,53.12065726028101,55.56906844504066,48.88586770871609,51.57472335704946,48.92700998545354,54.18226780581183,75.98496897301459,53.015606
2016-05-24 02:00:00,55.0,11,9,97.2345756341998,380.0,58.333333333333336,51.66666666666666,380.9163533834586,56.75644615896896,49.61846067587697,53.458829922144346,47.44111867109528,49.56748081823483,48.88356655665449,52.87531878567361,71.32915897854468,52.935257
2016-05-24 03:00:00,53.333333333333336,11,10,97.2345756341998,380.0,51.66666666666666,53.333333333333336,381.0181704260652,53.96906212709121,47.29805226648303,50.852759996133216,48.306778328763286,50.26303407533352,51.84686344736026,60.7872860539802,70.85680526389518,51.993156
2016-05-24 04:00:00,53.333333333333336,11,11,97.2345756341998,380.0,50.0,53.333333333333336,381.1199874686717,53.50737478386846,47.2119161781764,49.74649621216503,48.49340320705734,51.73206855250295,50.434727603722415,58.372469024856656,71.08619356829239,53.62837
2016-05-24 05:00:00,106.66666666666669,11,12,97.2345756341998,380.0,66.66666666666667,58.333333333333336,381.2218045112782,59.8386762646914,53.82754131104008,55.57713992118921,52.26245422900681,64.29038300456864,55.54893777758861,58.14577334645995,69.95209600345761,60.739582
2016-05-24 06:00:00,71.66666666666667,11,13,97.2345756341998,380.0,60.0,56.66666666666666,381.3236215538847,66.58997378754012,60.78746360618051,63.45140833874227,57.10189563261247,67.27410705767402,62.51760163920881,69.52778026717121,81.66092074634012,62.422832
2016-05-24 07:00:00,161.66666666666666,11,14,97.2345756341998,380.0,56.66666666666666,65.0,381.4254385964912,87.0603529491922,81.40893661295249,85.25068972893042,77.43200941750929,87.35161312270242,75.65558786112565,84.64854157504664,122.2394869482723,62.433796
2016-05-24 08:00:00,56.66666666666666,11,15,97.2345756341998,380.0,51.66666666666666,56.66666666666666,381.52725563909775,113.0891029755272,107.53007942283246,111.20406470541262,91.72333288598992,82.5648899607211,91.59400193489434,103.71900561394143,143.5336394515054,59.857872
2016-05-24 09:00:00,38.333333333333336,11,16,97.2345756341998,380.0,55.0,51.66666666666666,381.62907268170426,102.8013271133469,97.327639758112,100.8531791582758,79.87080412798655,72.51508334178045,80.85193050761161,106.32961085005012,141.51909401131925,52.650642
2016-05-24 10:00:00,66.66666666666667,11,17,97.2345756341998,380.0,51.66666666666666,53.333333333333336,381.7308897243108,118.919545712047,113.49183012520832,117.71071590344005,76.69570704886931,88.30778288848306,86.1666529439451,78.98478621411388,116.35860966668616,53.718002
2016-05-24 11:00:00,101.66666666666669,11,18,97.2345756341998,380.0,56.66666666666666,51.66666666666666,381.8327067669173,126.99469314624405,121.58878953960118,126.41477319731736,113.203030221215,103.0208899455468,91.68028252764174,143.52325475795243,131.71307007744548,53.864494
2016-05-24 12:00:00,128.33333333333334,11,19,97.2345756341998,380.0,61.66666666666666,53.333333333333336,381.9345238095238,108.36088710132304,102.9883286102072,108.23251127551252,86.37768127489669,61.65771734091853,79.8864138382909,120.13511712882676,144.76416947258107,54.935574
2016-05-24 13:00:00,118.33333333333331,11,20,97.2345756341998,380.0,56.66666666666666,41.66666666666666,382.0363408521303,111.11728459278156,105.75622585698125,113.16526231771974,102.9723390971327,84.71219185164831,80.24487207076835,116.1517164111921,137.19054992292791,57.05636
2016-05-24 14:00:00,150.0,11,21,97.2345756341998,380.0,58.333333333333336,53.333333333333336,382.1381578947368,100.8107396915427,95.45965592601596,104.5814941271374,78.74932772489451,86.75222924793079,83.55125298224058,96.0413879634704,94.33191157306123,55.858334
2016-05-24 15:00:00,141.66666666666666,11,22,97.2345756341998,380.0,73.33333333333333,51.66666666666666,382.2399749373433,101.66440178112664,96.31804076124618,104.64219281929772,81.43780744383454,105.00036356746143,84.97715296762614,95.47395748726856,109.96410716777288,58.349564
2016-05-24 16:00:00,141.66666666666666,11,23,97.2345756341998,380.0,156.66666666666666,66.66666666666667,382.3417919799499,114.83510640999695,109.50399740904146,118.13396306377928,125.0224855886876,112.20100588388216,104.01486104473932,126.74059810201126,121.96520128263572,84.93862
2016-05-24 17:00:00,203.3333333333333,11,24,97.2345756341998,380.0,380.0,153.33333333333334,382.4436090225564,189.50855749758276,184.15483187187448,192.6879561408273,141.69351400879228,141.69351400879228,149.11880132965322,187.41189953798596,179.4095326161761,189.83824
2016-05-24 18:00:00,136.66666666666666,12,1,97.22204952854626,203.3333333333333,123.33333333333331,100.0,203.37945688225537,167.7954382430135,165.44035733377024,169.46847433898623,172.14996883998936,177.40530674943918,177.40530674943918,212.1977593032416,199.390585890424,163.60732
2016-05-24 19:00:00,123.33333333333331,12,2,97.22204952854626,203.3333333333333,120.0,123.33333333333331,203.42558043117745,124.38254914411236,121.04864542005085,126.84435198539803,133.0551974015858,114.04614156405152,128.7919609402891,141.56232692139477,139.99997648950227,128.11646
2016-05-24 20:00:00,96.66666666666669,12,3,97.22204952854626,203.3333333333333,105.0,118.33333333333331,203.47170398009948,119.83802251896763,115.53837745754404,120.52317782513154,121.84702802529291,119.63498523710794,110.53663974491272,131.0384444845824,110.8212252562457,107.72777
2016-05-24 21:00:00,76.66666666666667,12,4,97.22204952854626,203.3333333333333,68.33333333333333,65.0,203.51782752902156,82.61894702034465,77.6954729188312,82.12093943742401,87.67819393774948,68.38966595148057,74.17093076152926,96.111891477202,99.44974664737114,71.0128
2016-05-24 22:00:00,61.66666666666666,12,5,97.22204952854626,203.3333333333333,63.333333333333336,46.66666666666666,203.5639510779436,61.81844190431156,56.57063944636199,61.04302646834716,82.20999535619741,69.34031825662095,61.353295450816816,77.65588090315667,82.2364032818009,57.13856
2016-05-24 23:00:00,58.333333333333336,12,6,97.22204952854626,203.3333333333333,58.333333333333336,55.0,203.61007462686564,60.01899698409097,54.61516538210515,56.751729771872526,74.86070783810015,77.97734468613594,61.96905818806441,68.72066650616986,91.21172326317732,55.52038
2016-05-25 00:00:00,53.333333333333336,12,7,97.22204952854626,203.3333333333333,50.0,51.66666666666666,203.6561981757877,52.71847957895871,38.90802158559468,40.68848712455393,48.88175458200124,54.13779116171499,52.17310353491058,57.05537156592669,68.01596802910514,54.472534
2016-05-25 01:00:00,53.333333333333336,12,8,97.22204952854626,203.3333333333333,56.66666666666666,53.333333333333336,203.70232172470975,52.76975972920692,38.95623449107451,40.423789813916905,48.345938949254254,53.411421223697374,50.77184514988725,57.75077139689087,69.91941467561831,53.7114
2016-05-25 02:00:00,56.66666666666666,12,9,97.22204952854626,203.3333333333333,55.0,55.0,203.74844527363183,51.67738068797192,37.88046412552308,39.3813864140483,48.61063295747827,51.49820940234007,50.41801034221622,58.720568928413314,66.82365933889763,53.797417
2016-05-25 03:00:00,48.333333333333336,12,10,97.22204952854626,203.3333333333333,53.333333333333336,51.66666666666666,203.79456882255388,50.736852438729215,36.961075253505,39.12939035058167,53.71102844106684,50.406638983197965,50.71221453624518,57.89109875022343,80.1837138352758,52.56338
2016-05-25 04:00:00,55.0,12,11,97.22204952854626,203.3333333333333,53.333333333333336,51.66666666666666,203.84069237147597,51.43738039981236,37.68138053980498,40.00621947947968,52.034159340903045,48.06690978202595,50.79663643779367,55.98360334033114,72.60477519652474,51.775475
2016-05-25 05:00:00,55.0,12,12,97.22204952854626,203.3333333333333,106.66666666666669,65.0,203.886815920398,60.69747909685972,46.95450827910534,49.08220694307405,68.12691893778414,75.77536243532676,79.28224867891473,69.87215345653887,102.1272003691841,56.87208
2016-05-25 06:00:00,55.0,12,13,97.22204952854626,203.3333333333333,71.66666666666667,70.0,203.93293946932005,65.95204331059838,52.22465080809711,54.12035094557938,74.81295444447643,68.86961395670737,83.69223178467625,91.84639694929616,75.05710894540736,64.08195
2016-05-25 07:00:00,65.0,12,14,97.22204952854626,203.3333333333333,161.66666666666666,53.333333333333336,203.9790630182421,89.97540887369898,76.25602179607597,78.0705907122025,84.96825063985021,90.51652487812257,110.63428598770402,108.44476504783758,127.87598642783983,69.21698
2016-05-25 08:00:00,83.33333333333333,12,15,97.22204952854626,203.3333333333333,56.66666666666666,61.66666666666666,204.02518656716416,110.04682812723314,96.33140674867758,98.42330754208606,91.98383188366198,84.61498437431105,108.6608763599401,91.43750055932844,155.6424850575652,67.45276
2016-05-25 09:00:00,90.0,12,16,97.22204952854626,203.3333333333333,38.333333333333336,65.0,204.0713101160862,99.50019009200255,85.80344135453134,88.33827802263959,81.34530954051647,63.837891564985576,113.31721000812549,87.11880985581425,149.38190047347274,57.855804
2016-05-25 10:00:00,78.33333333333333,12,17,97.22204952854626,203.3333333333333,66.66666666666667,58.333333333333336,204.11743366500824,116.2663819028128,102.56981675308096,104.64039317905666,69.12958341040934,68.90386394852739,107.96403674373536,76.63188111928852,137.1786308762865,58.10864
2016-05-25 11:00:00,50.0,12,18,97.22204952854626,203.3333333333333,101.66666666666669,70.0,204.16355721393032,125.65178415336256,111.94551051219908,113.46472984591044,86.43615603799721,103.69669551119996,120.1652472764821,92.94116239557134,126.3501750375922,61.579193
2016-05-25 12:00:00,60.0,12,19,97.22204952854626,203.3333333333333,128.33333333333334,56.66666666666666,204.2096807628524,109.1723848949952,95.47588061398334,97.6685472004322,93.5853539592266,111.3246606242058,115.6540632291692,84.97765015921831,122.17727424392356,65.30336
2016-05-25 13:00:00,71.66666666666667,12,20,97.22204952854626,203.3333333333333,118.33333333333331,86.66666666666667,204.25580431177443,111.34999880380386,97.65238037764604,100.4029871261042,91.98866892753772,96.6224088212922,110.21391315684862,72.24663732399932,98.4559964497348,72.254196
2016-05-25 14:00:00,80.0,12,21,97.22204952854626,203.3333333333333,150.0,81.66666666666667,204.3019278606965,103.02373715119111,89.32464355062788,93.13401476306096,77.26453716544212,108.18965585261653,114.16140091102494,64.86965505195157,114.80217726964749,74.56048
2016-05-25 15:00:00,80.0,12,22,97.22204952854626,203.3333333333333,141.66666666666666,83.33333333333333,204.34805140961856,103.45445727816758,89.75482876566741,93.56194539182285,102.9485954053622,120.8556357277782,117.01955533523594,79.04004222455104,104.33423122749512,74.023384
2016-05-25 16:00:00,231.66666666666663,12,23,97.22204952854626,203.3333333333333,141.66666666666666,105.0,204.39417495854065,116.01259063092718,102.32462333229522,104.19180121361838,97.1914123974829,101.83374175778344,137.92725373315193,78.28490524935148,104.08603611580142,99.512085
2016-05-25 17:00:00,118.33333333333331,12,24,97.22204952854626,203.3333333333333,203.3333333333333,118.33333333333331,204.44029850746267,190.0793476670442,176.36820491181564,177.24039090872375,176.5398196246197,176.5398196246197,227.0200895927784,148.22284125224948,143.26199413945324,185.78424
2016-05-25 18:00:00,156.66666666666666,13,1,97.1001748431554,118.33333333333331,136.66666666666666,178.33333333333334,118.3528806584362,155.15746673978768,149.92864322983678,150.54218937791964,144.80565125958097,176.56170883295002,176.56170883295002,114.03605441926771,122.20507735991625,136.95697
2016-05-25 19:00:00,118.33333333333331,13,2,97.1001748431554,118.33333333333331,123.33333333333331,143.33333333333334,118.37242798353908,102.28641007467635,95.01527469111493,93.80145500836404,108.286273795297,140.1964418402046,127.80344502698988,127.14075032968849,117.00221463685192,115.16885
2016-05-25 20:00:00,190.0,13,3,97.1001748431554,118.33333333333331,96.66666666666669,223.3333333333333,118.39197530864196,105.86061137777492,96.75117694808948,95.55598945829723,81.97720610194366,109.83922153055484,130.85025987464118,94.57645351875463,91.60968876144528,94.606735
2016-05-25 21:00:00,56.66666666666666,13,4,97.1001748431554,118.33333333333331,76.66666666666667,81.66666666666667,118.41152263374484,75.7713980626443,65.20614169763356,66.13409173306647,56.28348487925233,77.33228914398612,84.17021311340987,75.87745344697713,78.4554712789329,70.50817
2016-05-25 22:00:00,53.333333333333336,13,5,97.1001748431554,118.33333333333331,61.66666666666666,51.66666666666666,118.43106995884771,56.22924831597793,44.43824407489463,46.21123992651015,47.96160277499736,67.34370336569,59.42967811041518,64.85435512140553,64.31449224371825,58.20813
2016-05-25 23:00:00,53.333333333333336,13,6,97.1001748431554,118.33333333333331,58.333333333333336,56.66666666666666,118.4506172839506,55.11671576588152,42.51726204500062,44.52097997548381,61.244617391767456,69.55139627492346,56.76443581011095,74.73095745703007,53.43747726350916,56.660145
2016-05-26 00:00:00,53.333333333333336,13,7,97.1001748431554,118.33333333333331,53.333333333333336,51.66666666666666,118.47016460905348,49.655170794888335,43.55681796648676,43.822185840008,45.72666288464914,56.52934803560596,49.71328346271518,61.162637939468496,49.640895161064336,54.854446
2016-05-26 01:00:00,55.0,13,8,97.1001748431554,118.33333333333331,53.333333333333336,51.66666666666666,118.48971193415636,50.80444071673655,44.473621998766674,44.319845748118055,45.97636306778359,53.635168952218805,49.81694713959877,86.66669715599805,58.670171414894725,54.310345
2016-05-26 02:00:00,50.0,13,9,97.1001748431554,118.33333333333331,56.66666666666666,50.0,118.50925925925924,50.61904527336188,44.11422286460903,44.07806891817488,45.96971846318093,49.87920893918918,50.321883599066645,85.82522542334699,59.58109833634252,53.373955
2016-05-26 03:00:00,56.66666666666666,13,10,97.1001748431554,118.33333333333331,48.333333333333336,51.66666666666666,118.52880658436212,49.77651824682917,43.14621968654683,43.547536386865374,53.366769846970776,50.26617753735433,49.82488184667471,87.4281365632996,60.9112170643724,51.85045
2016-05-26 04:00:00,50.0,13,11,97.1001748431554,118.33333333333331,55.0,56.66666666666666,118.548353909465,51.039411983848105,44.3197934870236,44.35300442938434,49.64896651522223,53.60929600374912,49.65888288121658,85.99497853190768,55.90335690354912,52.225933
2016-05-26 05:00:00,56.66666666666666,13,12,97.1001748431554,118.33333333333331,55.0,55.0,118.56790123456788,60.04498969196431,53.261043213959454,53.14704092816402,59.43452262189598,65.46987865480857,65.00314802911042,104.11656710779609,88.09527319664397,58.45547
2016-05-26 06:00:00,61.66666666666666,13,13,97.1001748431554,118.33333333333331,55.0,58.333333333333336,118.58744855967076,65.16738387162737,58.34433215494386,59.185140262678274,58.28236941749335,59.27112051569941,60.276149186102366,84.06485807347494,84.04151786930407,62.766293
2016-05-26 07:00:00,100.0,13,14,97.1001748431554,118.33333333333331,65.0,50.0,118.60699588477364,88.6058286655639,81.75374250876312,82.28825119355967,77.7412596208544,75.73686295379844,87.29619981241856,95.67318848010476,110.31510238482672,70.92726
2016-05-26 08:00:00,156.66666666666666,13,15,97.1001748431554,118.33333333333331,83.33333333333333,53.333333333333336,118.62654320987652,108.64189846944208,101.768099314885,101.37539492312452,62.77416816294024,86.86527249764356,108.543131175974,120.05539488375014,93.58413647726366,75.345924
2016-05-26 09:00:00,276.6666666666667,13,16,97.1001748431554,118.33333333333331,90.0,36.66666666666666,118.6460905349794,98.93167247821911,92.057345962318,90.84668414941984,70.37946060748357,88.9731864236257,108.27579382171248,128.70420445485894,87.43805375888967,67.89233
2016-05-26 10:00:00,265.0,13,17,97.1001748431554,118.33333333333331,78.33333333333333,55.0,118.66563786008228,114.38337817197277,107.49931896210828,105.49020793026504,78.21134779502964,88.26138516157425,116.27120152334808,90.4517858808111,109.30997049888047,61.75899
2016-05-26 11:00:00,243.3333333333333,13,18,97.1001748431554,118.33333333333331,50.0,51.66666666666666,118.68518518518516,122.01211427023723,115.11331976354406,113.17731469837032,131.6372240461888,117.93802524006644,134.30525814091197,106.33550158405924,120.33125545354028,61.23064
2016-05-26 12:00:00,221.66666666666663,13,19,97.1001748431554,118.33333333333331,60.0,55.0,118.70473251028804,106.78178819850352,99.8856104052338,96.95446420410424,81.62971415867068,102.3559913686659,112.13848338074038,71.3460947512974,81.7033192635988,63.85885
2016-05-26 13:00:00,75.0,13,20,97.1001748431554,118.33333333333331,71.66666666666667,50.0,118.72427983539092,109.40910417224045,102.50792466220604,97.24864572362344,80.59162744619887,74.83252060111612,129.0281804965965,67.48341693039032,96.65839892981892,67.59075
2016-05-26 14:00:00,68.33333333333333,13,21,97.1001748431554,118.33333333333331,80.0,63.333333333333336,118.7438271604938,101.86700494618836,94.9612113463605,90.6773904188477,84.25736142161435,90.02511869633503,117.0072782640436,65.11352948527423,86.77798129830754,69.846085
2016-05-26 15:00:00,61.66666666666666,13,22,97.1001748431554,118.33333333333331,80.0,81.66666666666667,118.76337448559669,102.2794649226652,95.37173690729264,90.6413464448606,74.24110624300215,99.12148364663318,114.19597271081872,79.10000168156208,80.47802175508136,76.564926
2016-05-26 16:00:00,495.0,13,23,97.1001748431554,118.33333333333331,231.66666666666663,90.0,118.78292181069956,121.3612090848175,114.45536773868676,106.73384123431562,103.90214956086338,120.11019936444023,132.9630400543043,103.66784717957776,109.2153506144835,106.128685
2016-05-26 17:00:00,440.0,13,24,97.1001748431554,118.33333333333331,118.33333333333331,208.3333333333333,118.80246913580244,186.64212130776548,179.72473166183775,171.51737155977756,165.60469430194655,165.60469430194655,199.84919264137872,153.9294098360293,134.45527078731882,162.92062
2016-05-26 18:00:00,215.0,14,1,97.43236345074016,440.0,156.66666666666666,120.0,440.1179534313725,329.40659510567514,324.4912007425683,322.4995295587151,175.1961167608108,262.45699787990264,262.45699787990264,151.3231318323204,145.97929533346556,226.6423
2016-05-26 19:00:00,223.3333333333333,14,2,97.43236345074016,440.0,118.33333333333331,98.33333333333331,440.2359068627451,241.1629131916324,234.6364830735206,233.28590821480944,118.74384453081656,163.9851256093414,156.49217552790282,118.12043388067067,131.77576420077426,149.2414
2016-05-26 20:00:00,91.66666666666669,14,3,97.43236345074016,440.0,190.0,118.33333333333331,440.3538602941176,201.79516705919576,194.5743803131861,192.75915871763047,98.79837765252718,104.54384991728884,131.8405711257926,96.41728139946709,134.73402394355406,113.78058
2016-05-26 21:00:00,76.66666666666667,14,4,97.43236345074016,440.0,56.66666666666666,66.66666666666667,440.4718137254902,145.6208155543926,137.96190206348675,137.82862350584256,62.44793730185864,72.15985020888142,73.0808244704546,69.6183910739308,100.86517328286992,79.41888
2016-05-26 22:00:00,70.0,14,5,97.43236345074016,440.0,53.333333333333336,50.0,440.5897671568628,111.28801975328324,102.3498133180378,102.6794010799986,44.86703590480926,47.30154926482891,57.72410999071244,50.28411443956624,82.02093433170177,59.509235
2016-05-26 23:00:00,65.0,14,6,97.43236345074016,440.0,53.333333333333336,56.66666666666666,440.7077205882353,92.95089967333698,82.58225134369782,82.91254742074537,67.24984631924427,73.81835254936247,60.53702810755123,66.95430008747397,84.4977034291073,56.869667
2016-05-27 00:00:00,60.0,14,7,97.43236345074016,440.0,53.333333333333336,51.66666666666666,440.8256740196079,73.90421508590396,79.81932594936116,78.8738638601559,49.87544921413893,49.03577387190829,52.51290950207338,77.18491341187215,62.84502315725591,55.203224
2016-05-27 01:00:00,58.333333333333336,14,8,97.43236345074016,440.0,55.0,51.66666666666666,440.9436274509804,66.27945369234672,72.64513862007661,71.49104564424422,49.30991741783293,46.9373990998714,51.7466665299012,80.11789367145312,57.80685289310869,54.49757
2016-05-27 02:00:00,50.0,14,9,97.43236345074016,440.0,50.0,36.66666666666666,441.0615808823529,60.27560498627414,67.31039060205188,66.15798807115918,49.30266564409246,46.835934742572746,51.206167725599336,80.82267916963602,60.90771128795174,52.308243
2016-05-27 03:00:00,58.333333333333336,14,10,97.43236345074016,440.0,56.66666666666666,58.333333333333336,441.1795343137255,56.230105164892095,63.91394512408873,63.27233664667728,49.72834363020596,49.50194179035347,52.22955611564832,77.89288920172604,53.18296440714465,52.15122
2016-05-27 04:00:00,58.333333333333336,14,11,97.43236345074016,440.0,50.0,51.66666666666666,441.29748774509807,54.86140299065497,63.08913349012838,62.98162519528117,49.30266564409246,53.57886203063487,50.22334222888077,78.57279787489242,54.0782442591445,52.645004
2016-05-27 05:00:00,58.333333333333336,14,12,97.43236345074016,440.0,56.66666666666666,61.66666666666666,441.4154411764706,62.32085261714518,70.96873366474723,69.71743853841146,48.90771487011846,69.17627934144402,55.68634593741413,92.84412727155473,63.832110858375565,57.379017
2016-05-27 06:00:00,63.333333333333336,14,13,97.43236345074016,440.0,61.66666666666666,66.66666666666667,441.5333946078432,66.52440731744868,75.48886558675989,74.18109146356575,80.50669324958136,68.72159079879191,65.86118376988121,129.018335892099,83.12331407023417,73.5938
2016-05-27 07:00:00,111.66666666666669,14,14,97.43236345074016,440.0,100.0,80.0,441.6513480392157,90.0808077583793,99.2696658588383,97.38679638751802,90.11569776935464,119.49379715799658,109.31650196834838,149.66718439283403,129.9395059812681,107.4511
2016-05-27 08:00:00,130.0,14,15,97.43236345074016,440.0,156.66666666666666,126.66666666666669,441.7693014705882,111.46542587434564,120.80862063189718,119.39122567587668,129.82490083586637,94.5096285965332,105.6358333036284,178.50307130999494,156.91448903093874,165.58652
2016-05-27 09:00:00,251.66666666666663,14,16,97.43236345074016,440.0,276.6666666666667,73.33333333333333,441.8872549019608,107.60239365893835,117.0596228315166,115.14577205507784,144.51163303191043,122.83085712175848,153.27373104453926,127.16358379745526,131.6640696326106,193.81985
2016-05-27 10:00:00,251.66666666666663,14,17,97.43236345074016,440.0,265.0,81.66666666666667,442.0052083333333,121.63352246786292,131.16643316986145,128.14462057720033,158.5415334572989,126.6659724825052,133.1714381584875,138.0694556134156,159.0073317563624,205.36343
2016-05-27 11:00:00,310.0,14,18,97.43236345074016,440.0,243.3333333333333,73.33333333333333,442.12316176470586,127.7939227571268,137.37080616269716,133.93877846041514,148.85834297594647,121.7529180631579,150.5110553564352,114.49694210493246,143.9451286861496,196.6843
2016-05-27 12:00:00,185.0,14,19,97.43236345074016,440.0,221.66666666666663,71.66666666666667,442.24111519607845,112.20157917821078,121.81904049184192,117.5883630853289,126.85189816539864,111.71157339809469,127.89722391442577,126.88914140564512,142.54026966576282,173.43344
2016-05-27 13:00:00,265.0,14,20,97.43236345074016,440.0,75.0,61.66666666666666,442.359068627451,107.7906621659758,117.43733929196938,114.34272572606704,143.69713269663407,94.92135267340004,120.38597428221426,102.7343869237304,134.87832703136436,159.69774
2016-05-27 14:00:00,101.66666666666669,14,21,97.43236345074016,440.0,68.33333333333333,60.0,442.47702205882354,100.26526983511395,109.9241098962107,108.06897922866403,132.73609139462272,103.70622955054029,116.38362689947712,96.33732544949866,143.00179989596933,140.25574
2016-05-27 15:00:00,76.66666666666667,14,22,97.43236345074016,440.0,61.66666666666666,46.66666666666666,442.5949754901961,100.33033938944676,109.9987047054674,107.55504655224529,131.13039018578593,117.1307346451962,120.42128825912934,93.72272371578474,140.04951449648118,145.74898
2016-05-27 16:00:00,135.0,14,23,97.43236345074016,440.0,495.0,48.333333333333336,442.7129289215686,138.8252516361767,148.4779368864241,145.29678862026006,86.70235556074836,107.0929321855612,164.21936801814442,84.2639539968891,130.00548472495618,196.07932
2016-05-27 17:00:00,180.0,14,24,97.43236345074016,440.0,440.0,75.0,442.8308823529412,198.4603045765156,208.11384419184844,206.41173332361177,153.56666018741046,153.56666018741046,249.55539512554336,150.44653755788062,200.28353552749803,203.0491
