date,actual,mean,naive,seasonal_naive_daily,seasonal_naive_weekly,drift,sarimax,feature_model,foundation_model
2016-05-13 18:00:00,348.3333333333333,97.37667908341798,231.66666666666663,105.0,176.66666666666666,231.72651309846427,241.24408580307733,275.84815090544333,175.4259
2016-05-13 19:00:00,208.3333333333333,97.37667908341798,231.66666666666663,123.33333333333331,126.66666666666669,231.78635953026196,161.22344944145848,147.02514549580388,118.322556
2016-05-13 20:00:00,120.0,97.37667908341798,231.66666666666663,100.0,116.66666666666669,231.8462059620596,136.92876249486838,127.52094536812795,91.89833
2016-05-13 21:00:00,63.333333333333336,97.37667908341798,231.66666666666663,71.66666666666667,71.66666666666667,231.90605239385724,94.5641354898434,82.76896696840763,69.911766
2016-05-13 22:00:00,55.0,97.37667908341798,231.66666666666663,60.0,53.333333333333336,231.96589882565488,73.04654520355734,47.94219540385999,62.173805
2016-05-13 23:00:00,61.66666666666666,97.37667908341798,231.66666666666663,56.66666666666666,58.333333333333336,232.0257452574525,61.2916164686914,47.16852874300456,57.60488
2016-05-14 00:00:00,58.333333333333336,97.37667908341798,231.66666666666663,55.0,51.66666666666666,232.08559168925015,56.36073510568153,49.00276272950934,56.2216
2016-05-14 01:00:00,63.333333333333336,97.37667908341798,231.66666666666663,53.333333333333336,56.66666666666666,232.14543812104785,54.913388491422005,48.74794528127784,56.02538
2016-05-14 02:00:00,60.0,97.37667908341798,231.66666666666663,58.333333333333336,53.333333333333336,232.20528455284548,53.24031656867741,49.17320228811025,54.221478
2016-05-14 03:00:00,60.0,97.37667908341798,231.66666666666663,58.333333333333336,55.0,232.26513098464315,51.58928434248523,45.5986280368057,52.900063
2016-05-14 04:00:00,60.0,97.37667908341798,231.66666666666663,50.0,55.0,232.3249774164408,51.31910617758268,48.99535542671922,51.73277
2016-05-14 05:00:00,56.66666666666666,97.37667908341798,231.66666666666663,58.333333333333336,51.66666666666666,232.38482384823843,60.47544343106214,44.715662053641616,55.555256
2016-05-14 06:00:00,63.333333333333336,97.37667908341798,231.66666666666663,146.66666666666666,53.333333333333336,232.4446702800361,70.46908598467893,78.45149280632512,64.77609
2016-05-14 07:00:00,113.33333333333331,97.37667908341798,231.66666666666663,176.66666666666666,148.33333333333334,232.50451671183376,99.1976634754397,123.45687065879252,93.36205
2016-05-14 08:00:00,133.33333333333334,97.37667908341798,231.66666666666663,338.3333333333333,121.66666666666669,232.5643631436314,115.3089477838343,132.7097334161056,134.95712
2016-05-14 09:00:00,118.33333333333331,97.37667908341798,231.66666666666663,93.33333333333331,153.33333333333334,232.62420957542903,104.35105430331254,169.05965436610668,165.1442
2016-05-14 10:00:00,158.33333333333334,97.37667908341798,231.66666666666663,73.33333333333333,178.33333333333334,232.6840560072267,111.3895689118716,203.2892523782607,196.42291
2016-05-14 11:00:00,96.66666666666669,97.37667908341798,231.66666666666663,355.0,161.66666666666666,232.74390243902437,116.36705910783144,185.70842904522604,210.55342
2016-05-14 12:00:00,116.66666666666669,97.37667908341798,231.66666666666663,301.6666666666667,86.66666666666667,232.803748870822,110.01276789804734,234.5098886631293,193.48502
2016-05-14 13:00:00,113.33333333333331,97.37667908341798,231.66666666666663,268.3333333333333,75.0,232.86359530261964,103.33607654440166,202.35307897338689,173.20914
2016-05-14 14:00:00,106.66666666666669,97.37667908341798,231.66666666666663,318.3333333333333,88.33333333333333,232.9234417344173,100.47104799200756,151.12144024656993,164.57495
2016-05-14 15:00:00,130.0,97.37667908341798,231.66666666666663,201.66666666666663,103.33333333333331,232.98328816621492,94.48542173069416,152.20969012087207,166.27487
2016-05-14 16:00:00,111.66666666666669,97.37667908341798,231.66666666666663,351.6666666666667,91.66666666666669,233.0431345980126,124.89401913062513,126.83536289935462,187.01389
2016-05-14 17:00:00,241.66666666666663,97.37667908341798,231.66666666666663,231.66666666666663,83.33333333333333,233.10298102981025,181.78290596472607,172.0627343463059,173.64587
2016-05-14 18:00:00,166.66666666666666,97.50475870563206,241.66666666666663,348.3333333333333,285.0,241.72939068100357,194.1704280218827,181.01411003399136,163.49292
2016-05-14 19:00:00,90.0,97.50475870563206,241.66666666666663,208.3333333333333,120.0,241.79211469534047,143.28872127849817,132.4307346523586,115.844696
2016-05-14 20:00:00,86.66666666666667,97.50475870563206,241.66666666666663,120.0,86.66666666666667,241.85483870967735,120.12342323499372,105.9771774508006,90.33307
2016-05-14 21:00:00,75.0,97.50475870563206,241.66666666666663,63.333333333333336,56.66666666666666,241.9175627240143,80.89469798282381,67.7505538978562,71.4002
2016-05-14 22:00:00,61.66666666666666,97.50475870563206,241.66666666666663,55.0,58.333333333333336,241.98028673835125,66.04503082000797,53.02889176819999,60.02233
2016-05-14 23:00:00,48.333333333333336,97.50475870563206,241.66666666666663,61.66666666666666,56.66666666666666,242.04301075268813,58.877417843202494,51.806769796444186,58.393047
2016-05-15 00:00:00,53.333333333333336,97.50475870563206,241.66666666666663,58.333333333333336,58.333333333333336,242.10573476702504,54.88124149199332,45.76265772232975,56.13819
2016-05-15 01:00:00,55.0,97.50475870563206,241.66666666666663,63.333333333333336,51.66666666666666,242.168458781362,54.282733825101545,50.9236130940784,56.012127
2016-05-15 02:00:00,51.66666666666666,97.50475870563206,241.66666666666663,60.0,55.0,242.23118279569889,52.87922921903932,47.026961446141584,54.70077
2016-05-15 03:00:00,40.0,97.50475870563206,241.66666666666663,60.0,56.66666666666666,242.2939068100358,51.52644556350538,47.83993341592542,52.901516
2016-05-15 04:00:00,51.66666666666666,97.50475870563206,241.66666666666663,60.0,50.0,242.35663082437276,51.40931166839124,52.96194930568456,52.801315
2016-05-15 05:00:00,56.66666666666666,97.50475870563206,241.66666666666663,56.66666666666666,56.66666666666666,242.41935483870964,60.06927200534319,53.3104448384771,54.952484
2016-05-15 06:00:00,51.66666666666666,97.50475870563206,241.66666666666663,63.333333333333336,50.0,242.48207885304652,69.9636420170929,70.26227471688854,56.53141
2016-05-15 07:00:00,93.33333333333331,97.50475870563206,241.66666666666663,113.33333333333331,60.0,242.54480286738348,99.72563655779894,98.4999022147932,67.736755
2016-05-15 08:00:00,118.33333333333331,97.50475870563206,241.66666666666663,133.33333333333334,183.3333333333333,242.6075268817204,116.04217140002264,162.0891306619864,93.84659
2016-05-15 09:00:00,101.66666666666669,97.50475870563206,241.66666666666663,118.33333333333331,143.33333333333334,242.6702508960573,104.90932247718168,114.21254766055333,106.37407
2016-05-15 10:00:00,108.33333333333331,97.50475870563206,241.66666666666663,158.33333333333334,135.0,242.73297491039423,113.50257649169428,130.62884663851736,113.9203
2016-05-15 11:00:00,105.0,97.50475870563206,241.66666666666663,96.66666666666669,50.0,242.79569892473117,115.36118106214846,132.78241978460457,93.80197
2016-05-15 12:00:00,96.66666666666669,97.50475870563206,241.66666666666663,116.66666666666669,56.66666666666666,242.85842293906805,110.24631627446998,139.71073802702878,80.00168
2016-05-15 13:00:00,136.66666666666666,97.50475870563206,241.66666666666663,113.33333333333331,56.66666666666666,242.92114695340496,103.72876487435371,134.4918091293551,76.78253
2016-05-15 14:00:00,88.33333333333333,97.50475870563206,241.66666666666663,106.66666666666669,56.66666666666666,242.9838709677419,100.68699928129293,104.39892815247865,72.249344
2016-05-15 15:00:00,93.33333333333331,97.50475870563206,241.66666666666663,130.0,50.0,243.0465949820788,96.0770243043238,113.958494230973,70.251495
2016-05-15 16:00:00,143.33333333333334,97.50475870563206,241.66666666666663,111.66666666666669,55.0,243.1093189964157,124.20084951807296,138.72040157557515,88.79551
2016-05-15 17:00:00,236.66666666666663,97.50475870563206,241.66666666666663,241.66666666666663,56.66666666666666,243.17204301075265,184.51811574677936,128.41535009200211,148.03165
2016-05-15 18:00:00,98.33333333333331,97.46140175497057,236.66666666666663,166.66666666666666,50.0,236.7272222222222,198.51549339488776,236.67187537340948,185.52875
2016-05-15 19:00:00,96.66666666666669,97.46140175497057,236.66666666666663,90.0,60.0,236.78777777777773,142.37738412187775,94.03697356375626,123.06803
2016-05-15 20:00:00,246.66666666666663,97.46140175497057,236.66666666666663,86.66666666666667,78.33333333333333,236.8483333333333,119.15036318883966,105.07223182556967,94.89122
2016-05-15 21:00:00,203.3333333333333,97.46140175497057,236.66666666666663,75.0,63.333333333333336,236.90888888888884,81.83504452681501,77.70406138517427,70.001595
2016-05-15 22:00:00,86.66666666666667,97.46140175497057,236.66666666666663,61.66666666666666,58.333333333333336,236.9694444444444,66.94914676835855,49.80042098677779,59.28966
2016-05-15 23:00:00,83.33333333333333,97.46140175497057,236.66666666666663,48.333333333333336,53.333333333333336,237.03,58.96280761390484,58.79645974385463,57.07867
2016-05-16 00:00:00,61.66666666666666,97.46140175497057,236.66666666666663,53.333333333333336,55.0,237.0905555555555,55.15100381367514,48.02993824527218,55.944393
2016-05-16 01:00:00,53.333333333333336,97.46140175497057,236.66666666666663,55.0,58.333333333333336,237.15111111111108,54.5077769299098,59.06126272321846,54.880024
2016-05-16 02:00:00,56.66666666666666,97.46140175497057,236.66666666666663,51.66666666666666,55.0,237.21166666666664,52.91784951926391,55.986689344058206,53.7939
2016-05-16 03:00:00,53.333333333333336,97.46140175497057,236.66666666666663,40.0,53.333333333333336,237.27222222222215,51.02049117882843,48.19148647162658,52.096127
2016-05-16 04:00:00,55.0,97.46140175497057,236.66666666666663,51.66666666666666,56.66666666666666,237.33277777777772,51.41710351497421,47.8198497317897,52.58816
2016-05-16 05:00:00,51.66666666666666,97.46140175497057,236.66666666666663,56.66666666666666,65.0,237.3933333333333,59.88081667010439,62.78992393095166,59.00907
2016-05-16 06:00:00,53.333333333333336,97.46140175497057,236.66666666666663,51.66666666666666,55.0,237.45388888888888,69.0611655912765,70.55780109685372,61.304317
2016-05-16 07:00:00,61.66666666666666,97.46140175497057,236.66666666666663,93.33333333333331,56.66666666666666,237.5144444444444,99.37138209685988,71.51811418841564,66.8457
2016-05-16 08:00:00,88.33333333333333,97.46140175497057,236.66666666666663,118.33333333333331,61.66666666666666,237.575,116.08873263739244,87.45328286298975,65.14455
2016-05-16 09:00:00,70.0,97.46140175497057,236.66666666666663,101.66666666666669,66.66666666666667,237.63555555555556,104.69239454109837,74.38893347255373,60.030922
2016-05-16 10:00:00,148.33333333333334,97.46140175497057,236.66666666666663,108.33333333333331,55.0,237.6961111111111,113.19275865402548,80.99122869176367,62.078598
2016-05-16 11:00:00,103.33333333333331,97.46140175497057,236.66666666666663,105.0,61.66666666666666,237.75666666666663,114.80630140683677,98.50884577643583,62.68406
2016-05-16 12:00:00,206.66666666666663,97.46140175497057,236.66666666666663,96.66666666666669,135.0,237.81722222222217,109.539497827087,162.03664707127484,68.157364
2016-05-16 13:00:00,266.6666666666667,97.46140175497057,236.66666666666663,136.66666666666666,173.33333333333334,237.8777777777777,105.20237454558516,131.61975472832606,73.95965
2016-05-16 14:00:00,88.33333333333333,97.46140175497057,236.66666666666663,88.33333333333333,88.33333333333333,237.9383333333333,100.036589606221,92.0818933360465,71.756485
2016-05-16 15:00:00,111.66666666666669,97.46140175497057,236.66666666666663,93.33333333333331,70.0,237.99888888888884,95.87693553549796,89.01477655575324,70.78349
2016-05-16 16:00:00,88.33333333333333,97.46140175497057,236.66666666666663,143.33333333333334,78.33333333333333,238.0594444444444,125.02630802265156,114.09504017097908,95.29932
2016-05-16 17:00:00,243.3333333333333,97.46140175497057,236.66666666666663,236.66666666666663,268.3333333333333,238.11999999999995,186.89150307168285,175.68490641168793,193.8773
2016-05-16 18:00:00,155.0,97.57300275482092,243.3333333333333,98.33333333333331,120.0,243.39561287477952,186.29656525361224,167.55539051721473,145.85829
2016-05-16 19:00:00,115.0,97.57300275482092,243.3333333333333,96.66666666666669,110.0,243.4578924162257,136.9135832625882,113.57172102432229,117.94935
2016-05-16 20:00:00,96.66666666666669,97.57300275482092,243.3333333333333,246.66666666666663,95.0,243.52017195767195,120.46959539032176,103.17215064319402,100.12416
2016-05-16 21:00:00,68.33333333333333,97.57300275482092,243.3333333333333,203.3333333333333,71.66666666666667,243.58245149911812,82.88093734011676,76.95880769776836,73.705215
2016-05-16 22:00:00,46.66666666666666,97.57300275482092,243.3333333333333,86.66666666666667,71.66666666666667,243.64473104056435,64.74883155782987,64.39775484249824,61.01947
2016-05-16 23:00:00,60.0,97.57300275482092,243.3333333333333,83.33333333333333,60.0,243.70701058201053,58.3621651605255,69.78413089930504,57.26667
2016-05-17 00:00:00,50.0,97.57300275482092,243.3333333333333,61.66666666666666,51.66666666666666,243.7692901234568,54.32215603636054,45.15006022938872,54.739006
2016-05-17 01:00:00,55.0,97.57300275482092,243.3333333333333,53.333333333333336,55.0,243.831569664903,53.70545225856488,50.18581283712449,52.40347
2016-05-17 02:00:00,51.66666666666666,97.57300275482092,243.3333333333333,56.66666666666666,56.66666666666666,243.8938492063492,52.59242135339316,48.47728328605491,53.10809
2016-05-17 03:00:00,53.333333333333336,97.57300275482092,243.3333333333333,53.333333333333336,56.66666666666666,243.9561287477954,50.78414302152899,52.91908503835622,51.802254
2016-05-17 04:00:00,53.333333333333336,97.57300275482092,243.3333333333333,55.0,50.0,244.0184082892416,51.3397275402016,52.7270282841051,51.51641
2016-05-17 05:00:00,58.333333333333336,97.57300275482092,243.3333333333333,51.66666666666666,71.66666666666667,244.08068783068785,59.31350797774472,69.02235858192964,55.28267
2016-05-17 06:00:00,56.66666666666666,97.57300275482092,243.3333333333333,53.333333333333336,63.333333333333336,244.142967372134,68.18173358896962,57.65305939015847,59.267124
2016-05-17 07:00:00,65.0,97.57300275482092,243.3333333333333,61.66666666666666,60.0,244.20524691358025,97.48704965517553,63.92051525533154,65.87565
2016-05-17 08:00:00,56.66666666666666,97.57300275482092,243.3333333333333,88.33333333333333,56.66666666666666,244.26752645502643,114.68712915754368,72.06933074371531,66.054016
2016-05-17 09:00:00,51.66666666666666,97.57300275482092,243.3333333333333,70.0,55.0,244.32980599647263,102.97585233007248,60.9749822002541,57.54052
2016-05-17 10:00:00,53.333333333333336,97.57300275482092,243.3333333333333,148.33333333333334,53.333333333333336,244.3920855379189,114.7570548076316,103.57755951155808,57.922916
2016-05-17 11:00:00,51.66666666666666,97.57300275482092,243.3333333333333,103.33333333333331,56.66666666666666,244.45436507936503,114.18918354752924,97.5502320246909,57.70165
2016-05-17 12:00:00,53.333333333333336,97.57300275482092,243.3333333333333,206.66666666666663,58.333333333333336,244.5166446208113,114.01699752022968,143.6402998456692,62.94131
2016-05-17 13:00:00,41.66666666666666,97.57300275482092,243.3333333333333,266.6666666666667,53.333333333333336,244.5789241622575,112.69815295264736,123.8964243192194,65.89838
2016-05-17 14:00:00,53.333333333333336,97.57300275482092,243.3333333333333,88.33333333333333,53.333333333333336,244.6412037037037,99.41407982162076,102.26505365180522,62.517212
2016-05-17 15:00:00,51.66666666666666,97.57300275482092,243.3333333333333,111.66666666666669,56.66666666666666,244.7034832451499,96.54417842679786,100.55270112707343,61.50567
2016-05-17 16:00:00,66.66666666666667,97.57300275482092,243.3333333333333,88.33333333333333,63.333333333333336,244.7657627865961,123.23321116060475,85.60074983269965,85.113625
2016-05-17 17:00:00,153.33333333333334,97.57300275482092,243.3333333333333,243.3333333333333,126.66666666666669,244.8280423280423,189.46552091011088,169.1803806473337,175.55649
2016-05-17 18:00:00,100.0,97.33573849349514,153.33333333333334,155.0,101.66666666666669,153.3655949256343,143.09963357315897,139.67581747649146,132.8445
2016-05-17 19:00:00,123.33333333333331,97.33573849349514,153.33333333333334,115.0,105.0,153.39785651793528,101.1064036556872,124.3199642776196,108.40439
2016-05-17 20:00:00,118.33333333333331,97.33573849349514,153.33333333333334,96.66666666666669,95.0,153.43011811023624,98.6366434510485,87.56590631032095,89.64334
2016-05-17 21:00:00,65.0,97.33573849349514,153.33333333333334,68.33333333333333,68.33333333333333,153.4623797025372,68.15148789399245,46.71705911372667,66.82833
2016-05-17 22:00:00,46.66666666666666,97.33573849349514,153.33333333333334,46.66666666666666,58.333333333333336,153.49464129483815,53.0684645035612,73.23703164050015,53.81108
2016-05-17 23:00:00,55.0,97.33573849349514,153.33333333333334,60.0,56.66666666666666,153.52690288713913,50.68650922065641,65.48834316866233,53.68378
2016-05-18 00:00:00,51.66666666666666,97.33573849349514,153.33333333333334,50.0,51.66666666666666,153.55916447944008,49.1653902020277,52.86215689035046,52.498028
2016-05-18 01:00:00,53.333333333333336,97.33573849349514,153.33333333333334,55.0,56.66666666666666,153.59142607174104,50.59082630271847,52.80967443405409,52.40678
2016-05-18 02:00:00,55.0,97.33573849349514,153.33333333333334,51.66666666666666,56.66666666666666,153.623687664042,50.504393860029616,47.72177181129222,50.901176
2016-05-18 03:00:00,51.66666666666666,97.33573849349514,153.33333333333334,53.333333333333336,53.333333333333336,153.65594925634298,49.57778708039805,51.23258352639368,50.927265
2016-05-18 04:00:00,51.66666666666666,97.33573849349514,153.33333333333334,53.333333333333336,51.66666666666666,153.68821084864393,50.5641957851217,45.85798864004997,50.194225
2016-05-18 05:00:00,65.0,97.33573849349514,153.33333333333334,58.333333333333336,68.33333333333333,153.7204724409449,58.688959831845125,66.96578715972097,56.18849
2016-05-18 06:00:00,70.0,97.33573849349514,153.33333333333334,56.66666666666666,110.0,153.75273403324584,67.24783878522334,74.24514097808206,62.787094
2016-05-18 07:00:00,53.333333333333336,97.33573849349514,153.33333333333334,65.0,76.66666666666667,153.78499562554683,95.68718231436438,80.03983757560572,77.30711
2016-05-18 08:00:00,61.66666666666666,97.33573849349514,153.33333333333334,56.66666666666666,161.66666666666666,153.81725721784778,111.7646623340234,125.45968546862746,80.41149
2016-05-18 09:00:00,65.0,97.33573849349514,153.33333333333334,51.66666666666666,65.0,153.84951881014874,100.4154739614219,78.70224420404479,68.37894
2016-05-18 10:00:00,58.333333333333336,97.33573849349514,153.33333333333334,53.333333333333336,63.333333333333336,153.8817804024497,111.75257348570264,90.97380503792324,63.764114
2016-05-18 11:00:00,70.0,97.33573849349514,153.33333333333334,51.66666666666666,55.0,153.91404199475068,111.152341384412,75.07190099730703,60.854576
2016-05-18 12:00:00,56.66666666666666,97.33573849349514,153.33333333333334,53.333333333333336,56.66666666666666,153.94630358705163,111.07855247693472,110.6729228739216,64.829094
2016-05-18 13:00:00,86.66666666666667,97.33573849349514,153.33333333333334,41.66666666666666,73.33333333333333,153.9785651793526,109.28226824909024,115.18587164912012,71.542435
2016-05-18 14:00:00,81.66666666666667,97.33573849349514,153.33333333333334,53.333333333333336,80.0,154.01082677165354,97.17298757477012,90.04487872537916,68.44796
2016-05-18 15:00:00,83.33333333333333,97.33573849349514,153.33333333333334,51.66666666666666,76.66666666666667,154.04308836395452,94.36263051177556,52.760435384625886,65.864395
2016-05-18 16:00:00,105.0,97.33573849349514,153.33333333333334,66.66666666666667,75.0,154.07534995625548,120.50558493207107,66.33234896442852,89.03316
2016-05-18 17:00:00,118.33333333333331,97.33573849349514,153.33333333333334,153.33333333333334,91.66666666666669,154.10761154855643,187.69726942446775,157.3041538424009,169.96883
2016-05-18 18:00:00,178.33333333333334,97.14394185920384,118.33333333333331,100.0,101.66666666666669,118.35394965277776,138.01720239353466,132.73745313953455,133.3299
2016-05-18 19:00:00,143.33333333333334,97.14394185920384,118.33333333333331,123.33333333333331,95.0,118.3745659722222,93.7903018267868,115.376945046569,111.63916
2016-05-18 20:00:00,223.3333333333333,97.14394185920384,118.33333333333331,118.33333333333331,85.0,118.39518229166664,94.99048874658484,97.031160549631,92.90424
2016-05-18 21:00:00,81.66666666666667,97.14394185920384,118.33333333333331,65.0,61.66666666666666,118.41579861111109,64.712697767326,72.06225889258991,67.46734
2016-05-18 22:00:00,51.66666666666666,97.14394185920384,118.33333333333331,46.66666666666666,55.0,118.43641493055554,49.21434727555062,48.65585979425692,57.192917
2016-05-18 23:00:00,56.66666666666666,97.14394185920384,118.33333333333331,55.0,56.66666666666666,118.45703125,47.90538745335175,55.13821743040038,56.93673
2016-05-19 00:00:00,51.66666666666666,97.14394185920384,118.33333333333331,51.66666666666666,56.66666666666666,118.47764756944444,47.36006420426979,44.12681004796242,54.511276
2016-05-19 01:00:00,51.66666666666666,97.14394185920384,118.33333333333331,53.333333333333336,56.66666666666666,118.49826388888889,49.471095850794256,48.18470442934598,54.34717
2016-05-19 02:00:00,50.0,97.14394185920384,118.33333333333331,55.0,56.66666666666666,118.51888020833331,49.89547649312653,42.51389218797291,53.80954
2016-05-19 03:00:00,51.66666666666666,97.14394185920384,118.33333333333331,51.66666666666666,50.0,118.53949652777776,49.12847803684769,50.61446939786894,52.810795
2016-05-19 04:00:00,56.66666666666666,97.14394185920384,118.33333333333331,51.66666666666666,56.66666666666666,118.5601128472222,50.24182395440059,47.155273232374135,51.851276
2016-05-19 05:00:00,55.0,97.14394185920384,118.33333333333331,65.0,61.66666666666666,118.58072916666664,58.720891223546296,57.91348382679612,52.672947
2016-05-19 06:00:00,58.333333333333336,97.14394185920384,118.33333333333331,70.0,48.333333333333336,118.60134548611109,67.18288265567178,72.53609474541615,60.35261
2016-05-19 07:00:00,50.0,97.14394185920384,118.33333333333331,53.333333333333336,58.333333333333336,118.62196180555554,93.55181366676057,83.60259276113798,69.32515
2016-05-19 08:00:00,53.333333333333336,97.14394185920384,118.33333333333331,61.66666666666666,51.66666666666666,118.642578125,109.294467881895,86.79319094455329,74.28523
2016-05-19 09:00:00,36.66666666666666,97.14394185920384,118.33333333333331,65.0,48.333333333333336,118.66319444444444,98.65167560505604,78.81950814389577,63.589417
2016-05-19 10:00:00,55.0,97.14394185920384,118.33333333333331,58.333333333333336,58.333333333333336,118.68381076388889,109.15605390081588,71.28579308394359,61.22664
2016-05-19 11:00:00,51.66666666666666,97.14394185920384,118.33333333333331,70.0,50.0,118.70442708333331,109.13824490480164,57.54121164670848,58.048317
2016-05-19 12:00:00,55.0,97.14394185920384,118.33333333333331,56.66666666666666,55.0,118.72504340277776,108.44736943000154,92.7283776545242,60.83955
2016-05-19 13:00:00,50.0,97.14394185920384,118.33333333333331,86.66666666666667,56.66666666666666,118.7456597222222,108.14485868956464,113.66802218849938,63.372208
2016-05-19 14:00:00,63.333333333333336,97.14394185920384,118.33333333333331,81.66666666666667,56.66666666666666,118.76627604166664,96.37077767213545,70.75598098136891,60.069645
2016-05-19 15:00:00,81.66666666666667,97.14394185920384,118.33333333333331,83.33333333333333,68.33333333333333,118.78689236111109,93.77152146910896,68.54701720402413,66.14139
2016-05-19 16:00:00,90.0,97.14394185920384,118.33333333333331,105.0,118.33333333333331,118.80750868055554,119.70534896417998,112.00542054903777,95.53716
2016-05-19 17:00:00,208.3333333333333,97.14394185920384,118.33333333333331,118.33333333333331,208.3333333333333,118.828125,184.3722448359416,209.39957710175787,164.81061
2016-05-19 18:00:00,120.0,97.00624260036597,208.3333333333333,178.33333333333334,105.0,208.38285960378985,168.86435647131594,130.28394620895543,173.91458
2016-05-19 19:00:00,98.33333333333331,97.00624260036597,208.3333333333333,143.33333333333334,123.33333333333331,208.4323858742463,126.85402102630592,114.77572541487974,127.78559
2016-05-19 20:00:00,118.33333333333331,97.00624260036597,208.3333333333333,223.3333333333333,100.0,208.4819121447028,120.79140253929673,116.94140229959598,100.68315
2016-05-19 21:00:00,66.66666666666667,97.00624260036597,208.3333333333333,81.66666666666667,71.66666666666667,208.53143841515933,79.76421465457223,60.28345191402979,70.572174
2016-05-19 22:00:00,50.0,97.00624260036597,208.3333333333333,51.66666666666666,60.0,208.58096468561584,61.09757485483343,50.733551351151206,56.927246
2016-05-19 23:00:00,56.66666666666666,97.00624260036597,208.3333333333333,56.66666666666666,56.66666666666666,208.63049095607232,56.95758168141036,46.75439304529684,54.09811
2016-05-20 00:00:00,51.66666666666666,97.00624260036597,208.3333333333333,51.66666666666666,55.0,208.68001722652883,53.02877367423889,49.153181445621016,53.859207
2016-05-20 01:00:00,51.66666666666666,97.00624260036597,208.3333333333333,51.66666666666666,53.333333333333336,208.72954349698531,53.0228513285528,47.94624971967824,52.48085
2016-05-20 02:00:00,36.66666666666666,97.00624260036597,208.3333333333333,50.0,58.333333333333336,208.77906976744185,52.06644588582163,46.93185520352097,51.937
2016-05-20 03:00:00,58.333333333333336,97.00624260036597,208.3333333333333,51.66666666666666,58.333333333333336,208.82859603789836,50.59816830841931,45.85398836790528,51.185772
2016-05-20 04:00:00,51.66666666666666,97.00624260036597,208.3333333333333,56.66666666666666,50.0,208.87812230835485,51.37544061806846,47.63898358140168,50.373566
2016-05-20 05:00:00,61.66666666666666,97.00624260036597,208.3333333333333,55.0,58.333333333333336,208.92764857881136,59.04933622062708,51.15422220648516,55.542843
2016-05-20 06:00:00,66.66666666666667,97.00624260036597,208.3333333333333,58.333333333333336,146.66666666666666,208.97717484926784,67.061430832247,97.71941015121084,69.30275
2016-05-20 07:00:00,80.0,97.00624260036597,208.3333333333333,50.0,176.66666666666666,209.02670111972435,91.67014583068232,133.43800842968713,134.80612
2016-05-20 08:00:00,126.66666666666669,97.00624260036597,208.3333333333333,53.333333333333336,338.3333333333333,209.0762273901809,106.7463399774081,211.1803462203836,139.97662
2016-05-20 09:00:00,73.33333333333333,97.00624260036597,208.3333333333333,36.66666666666666,93.33333333333331,209.12575366063737,95.7673144697913,118.19230319954012,140.50192
2016-05-20 10:00:00,81.66666666666667,97.00624260036597,208.3333333333333,55.0,73.33333333333333,209.17527993109385,106.6045776845663,130.38377171761857,142.48853
2016-05-20 11:00:00,73.33333333333333,97.00624260036597,208.3333333333333,51.66666666666666,355.0,209.2248062015504,106.40957830757972,186.02739053680745,151.51172
2016-05-20 12:00:00,71.66666666666667,97.00624260036597,208.3333333333333,55.0,301.6666666666667,209.27433247200688,105.8935706468549,167.3727149277608,150.48819
2016-05-20 13:00:00,61.66666666666666,97.00624260036597,208.3333333333333,50.0,268.3333333333333,209.3238587424634,105.36202571451156,165.25483669817123,148.4883
2016-05-20 14:00:00,60.0,97.00624260036597,208.3333333333333,63.333333333333336,318.3333333333333,209.37338501291987,94.75957775073186,154.52147740375335,145.57178
2016-05-20 15:00:00,46.66666666666666,97.00624260036597,208.3333333333333,81.66666666666667,201.66666666666663,209.4229112833764,93.13824282282076,147.77705606543915,143.13792
2016-05-20 16:00:00,48.333333333333336,97.00624260036597,208.3333333333333,90.0,351.6666666666667,209.4724375538329,118.24457731657796,99.85505022718073,171.31734
2016-05-20 17:00:00,75.0,97.00624260036597,208.3333333333333,208.3333333333333,231.66666666666663,209.5219638242894,185.4263066106558,189.70274877886203,197.0567
2016-05-20 18:00:00,78.33333333333333,96.80070490227492,75.0,120.0,348.3333333333333,75.00641025641026,107.68114886728816,168.5617395431538,100.83533
2016-05-20 19:00:00,65.0,96.80070490227492,75.0,98.33333333333331,208.3333333333333,75.01282051282051,72.50682513151338,107.28653626217904,92.8908
2016-05-20 20:00:00,70.0,96.80070490227492,75.0,118.33333333333331,120.0,75.01923076923077,85.08838929426442,94.33640852280624,84.75158
2016-05-20 21:00:00,65.0,96.80070490227492,75.0,66.66666666666667,63.333333333333336,75.02564102564102,53.13781082771827,83.6495758014552,71.37845
2016-05-20 22:00:00,53.333333333333336,96.80070490227492,75.0,50.0,55.0,75.03205128205128,40.40655731120688,54.54733216775814,59.81936
2016-05-20 23:00:00,45.0,96.80070490227492,75.0,56.66666666666666,61.66666666666666,75.03846153846153,42.73635577228197,63.58574931720359,57.332245
2016-05-21 00:00:00,48.333333333333336,96.80070490227492,75.0,51.66666666666666,58.333333333333336,75.0448717948718,43.90753223351249,62.35107929628637,55.633877
2016-05-21 01:00:00,51.66666666666666,96.80070490227492,75.0,51.66666666666666,63.333333333333336,75.05128205128206,47.17566376966018,57.38044340775746,54.922092
2016-05-21 02:00:00,56.66666666666666,96.80070490227492,75.0,36.66666666666666,60.0,75.0576923076923,47.64179921383515,42.27479844830916,53.339527
2016-05-21 03:00:00,48.333333333333336,96.80070490227492,75.0,58.333333333333336,60.0,75.06410256410257,48.58106184794568,49.073521182461,52.767612
2016-05-21 04:00:00,56.66666666666666,96.80070490227492,75.0,51.66666666666666,60.0,75.07051282051282,49.85016446236015,49.2620695399048,54.562695
2016-05-21 05:00:00,51.66666666666666,96.80070490227492,75.0,61.66666666666666,56.66666666666666,75.07692307692308,58.16762149060108,55.5535941071009,53.75951
2016-05-21 06:00:00,60.0,96.80070490227492,75.0,66.66666666666667,63.333333333333336,75.08333333333333,66.37824540455213,75.11892823735249,57.93985
2016-05-21 07:00:00,56.66666666666666,96.80070490227492,75.0,80.0,113.33333333333331,75.08974358974359,90.67426013441992,114.91163931646024,74.908844
2016-05-21 08:00:00,208.3333333333333,96.80070490227492,75.0,126.66666666666669,133.33333333333334,75.09615384615384,107.36892417124002,116.6085042978662,89.10509
2016-05-21 09:00:00,310.0,96.80070490227492,75.0,73.33333333333333,118.33333333333331,75.1025641025641,94.4912919870598,123.3251267095641,97.6901
2016-05-21 10:00:00,383.3333333333333,96.80070490227492,75.0,81.66666666666667,158.33333333333334,75.10897435897436,105.2666240806236,163.5765666075429,109.502655
2016-05-21 11:00:00,431.6666666666667,96.80070490227492,75.0,73.33333333333333,96.66666666666669,75.11538461538461,104.72530218204992,133.45251368812143,101.1694
2016-05-21 12:00:00,228.3333333333333,96.80070490227492,75.0,71.66666666666667,116.66666666666669,75.12179487179488,104.17775714016624,145.2987131802733,92.81512
2016-05-21 13:00:00,343.3333333333333,96.80070490227492,75.0,61.66666666666666,113.33333333333331,75.12820512820512,103.2165109903205,126.2972397325482,90.57797
2016-05-21 14:00:00,303.3333333333333,96.80070490227492,75.0,60.0,106.66666666666669,75.13461538461539,93.0420927128806,101.71484455107112,85.14191
2016-05-21 15:00:00,361.6666666666667,96.80070490227492,75.0,46.66666666666666,130.0,75.14102564102564,90.8773726452542,128.32395206184253,81.770744
2016-05-21 16:00:00,100.0,96.80070490227492,75.0,48.333333333333336,111.66666666666669,75.1474358974359,114.88834775918885,120.96868458575416,92.0758
2016-05-21 17:00:00,95.0,96.80070490227492,75.0,75.0,241.66666666666663,75.15384615384616,180.17276812657815,168.24968049580335,115.602036
2016-05-21 18:00:00,125.0,97.1976682564918,95.0,78.33333333333333,166.66666666666666,95.01272264631044,127.29396153468004,203.78247347976952,116.016365
2016-05-21 19:00:00,108.33333333333331,97.1976682564918,95.0,65.0,90.0,95.02544529262086,83.4642377437064,163.1853254636854,97.109146
2016-05-21 20:00:00,95.0,97.1976682564918,95.0,70.0,86.66666666666667,95.0381679389313,94.90480296160216,152.73715993605566,85.18243
2016-05-21 21:00:00,135.0,97.1976682564918,95.0,65.0,75.0,95.05089058524172,57.16901654505638,98.685544729426,65.59876
2016-05-21 22:00:00,73.33333333333333,97.1976682564918,95.0,53.333333333333336,61.66666666666666,95.06361323155215,39.50083473240144,55.18237622877268,57.01769
2016-05-21 23:00:00,148.33333333333334,97.1976682564918,95.0,45.0,48.333333333333336,95.0763358778626,40.96899133988049,51.92473018487145,55.97901
2016-05-22 00:00:00,60.0,97.1976682564918,95.0,48.333333333333336,53.333333333333336,95.08905852417304,42.89793947095978,40.77309426995026,54.78814
2016-05-22 01:00:00,56.66666666666666,97.1976682564918,95.0,51.66666666666666,55.0,95.10178117048346,46.58637103193264,48.67488976731268,54.799107
2016-05-22 02:00:00,51.66666666666666,97.1976682564918,95.0,56.66666666666666,51.66666666666666,95.1145038167939,47.53031036246345,49.94183369847328,53.90535
2016-05-22 03:00:00,53.333333333333336,97.1976682564918,95.0,48.333333333333336,40.0,95.12722646310432,48.20339994326703,45.75072131650608,53.40868
2016-05-22 04:00:00,55.0,97.1976682564918,95.0,56.66666666666666,51.66666666666666,95.13994910941476,49.91089086893549,49.2860056708148,52.36346
2016-05-22 05:00:00,50.0,97.1976682564918,95.0,51.66666666666666,56.66666666666666,95.1526717557252,57.67205265476334,56.16036002482108,55.605145
2016-05-22 06:00:00,58.333333333333336,97.1976682564918,95.0,60.0,51.66666666666666,95.16539440203562,65.93173219780346,52.53428874248236,56.475235
2016-05-22 07:00:00,63.333333333333336,97.1976682564918,95.0,56.66666666666666,93.33333333333331,95.17811704834604,88.95981236451273,63.78844648229963,65.920906
2016-05-22 08:00:00,190.0,97.1976682564918,95.0,208.3333333333333,118.33333333333331,95.19083969465647,112.00041867539166,86.88842083735666,89.57862
2016-05-22 09:00:00,113.33333333333331,97.1976682564918,95.0,310.0,101.66666666666669,95.20356234096693,104.504558227498,150.30476564385893,95.221985
2016-05-22 10:00:00,201.66666666666663,97.1976682564918,95.0,383.3333333333333,108.33333333333331,95.21628498727736,118.22012323492451,114.46831534581224,105.99064
2016-05-22 11:00:00,343.3333333333333,97.1976682564918,95.0,431.6666666666667,105.0,95.22900763358778,119.9748860523141,149.26918125819574,90.28589
2016-05-22 12:00:00,126.66666666666669,97.1976682564918,95.0,228.3333333333333,96.66666666666669,95.24173027989822,109.92216050535588,191.8637779810894,77.43971
2016-05-22 13:00:00,103.33333333333331,97.1976682564918,95.0,343.3333333333333,136.66666666666666,95.25445292620866,114.3998165122496,134.63185038436325,75.791916
2016-05-22 14:00:00,106.66666666666669,97.1976682564918,95.0,303.3333333333333,88.33333333333333,95.26717557251908,102.828117519507,121.54256649773146,69.50079
2016-05-22 15:00:00,96.66666666666669,97.1976682564918,95.0,361.6666666666667,93.33333333333331,95.27989821882952,103.50070932542934,114.76377987317842,67.77224
2016-05-22 16:00:00,88.33333333333333,97.1976682564918,95.0,100.0,143.33333333333334,95.29262086513997,114.11755523559084,187.67353570955703,84.16727
2016-05-22 17:00:00,265.0,97.1976682564918,95.0,95.0,236.66666666666663,95.3053435114504,176.10683956536013,173.25977741405526,140.31734
2016-05-22 18:00:00,120.0,97.33512148942884,265.0,125.0,98.33333333333331,265.0662878787879,181.43078730492516,152.83108743899828,150.91603
2016-05-22 19:00:00,96.66666666666669,97.33512148942884,265.0,108.33333333333331,96.66666666666669,265.1325757575757,143.00271387324574,116.6994192562326,119.84839
2016-05-22 20:00:00,116.66666666666669,97.33512148942884,265.0,95.0,246.66666666666663,265.1988636363636,129.7862196870559,135.22846113987492,102.60943
2016-05-22 21:00:00,88.33333333333333,97.33512148942884,265.0,135.0,203.3333333333333,265.2651515151515,89.75303762843127,103.1258019302132,73.02616
2016-05-22 22:00:00,78.33333333333333,97.33512148942884,265.0,73.33333333333333,86.66666666666667,265.3314393939394,68.10208047071339,74.1630191158398,58.592453
2016-05-22 23:00:00,60.0,97.33512148942884,265.0,148.33333333333334,83.33333333333333,265.39772727272725,66.06402269986208,88.83406806567426,56.720043
2016-05-23 00:00:00,58.333333333333336,97.33512148942884,265.0,60.0,61.66666666666666,265.4640151515151,56.42557835656294,65.82120569574741,56.01659
2016-05-23 01:00:00,51.66666666666666,97.33512148942884,265.0,56.66666666666666,53.333333333333336,265.530303030303,55.12205794909795,54.78097115138184,55.3366
2016-05-23 02:00:00,58.333333333333336,97.33512148942884,265.0,51.66666666666666,56.66666666666666,265.59659090909093,52.823402981932496,51.95019816397051,54.301914
2016-05-23 03:00:00,51.66666666666666,97.33512148942884,265.0,53.333333333333336,53.333333333333336,265.6628787878788,51.65904901151247,50.83148084130577,53.42832
2016-05-23 04:00:00,50.0,97.33512148942884,265.0,55.0,55.0,265.7291666666667,52.16702584060352,55.02117706379656,54.3304
2016-05-23 05:00:00,66.66666666666667,97.33512148942884,265.0,50.0,51.66666666666666,265.79545454545456,58.5685891747249,51.46953665977594,57.924854
2016-05-23 06:00:00,60.0,97.33512148942884,265.0,58.333333333333336,53.333333333333336,265.86174242424244,66.3478173123943,52.93279048940468,57.907124
2016-05-23 07:00:00,56.66666666666666,97.33512148942884,265.0,63.333333333333336,61.66666666666666,265.9280303030303,88.22301529374295,64.91294969616447,60.418713
2016-05-23 08:00:00,51.66666666666666,97.33512148942884,265.0,190.0,88.33333333333333,265.9943181818182,115.9268161043903,108.81911186228172,61.746857
2016-05-23 09:00:00,55.0,97.33512148942884,265.0,113.33333333333331,70.0,266.06060606060606,105.06345051662257,61.55892258991081,57.652336
2016-05-23 10:00:00,51.66666666666666,97.33512148942884,265.0,201.66666666666663,148.33333333333334,266.12689393939394,122.1986185785471,120.0857870754381,61.871098
2016-05-23 11:00:00,56.66666666666666,97.33512148942884,265.0,343.3333333333333,103.33333333333331,266.1931818181818,130.4632198972547,70.27640552263152,63.923576
2016-05-23 12:00:00,61.66666666666666,97.33512148942884,265.0,126.66666666666669,206.66666666666663,266.2594696969697,110.69104942597258,114.54411457535824,66.792656
2016-05-23 13:00:00,56.66666666666666,97.33512148942884,265.0,103.33333333333331,266.6666666666667,266.3257575757576,113.84443751698456,181.14182235992783,69.317474
2016-05-23 14:00:00,58.333333333333336,97.33512148942884,265.0,106.66666666666669,88.33333333333333,266.39204545454544,102.95869288831186,83.98561736146969,67.414314
2016-05-23 15:00:00,73.33333333333333,97.33512148942884,265.0,96.66666666666669,111.66666666666669,266.4583333333333,103.12267885915664,102.17479901081762,66.41014
2016-05-23 16:00:00,156.66666666666666,97.33512148942884,265.0,88.33333333333333,88.33333333333333,266.5246212121212,112.84579447446566,91.1062029298272,91.92449
2016-05-23 17:00:00,380.0,97.33512148942884,265.0,265.0,243.3333333333333,266.59090909090907,180.2086519751276,133.80743220374177,185.27985
2016-05-23 18:00:00,123.33333333333331,97.2345756341998,380.0,120.0,155.0,380.1018170426065,239.95158426616837,285.0370652329675,194.81201
2016-05-23 19:00:00,120.0,97.2345756341998,380.0,96.66666666666669,115.0,380.203634085213,192.8872512466212,256.11785769187986,138.78848
2016-05-23 20:00:00,105.0,97.2345756341998,380.0,116.66666666666669,96.66666666666669,380.30545112781954,164.1068930180956,197.76652000884803,108.86457
2016-05-23 21:00:00,68.33333333333333,97.2345756341998,380.0,88.33333333333333,68.33333333333333,380.4072681704261,116.50371348779404,117.68740102865652,72.20863
2016-05-23 22:00:00,63.333333333333336,97.2345756341998,380.0,78.33333333333333,46.66666666666666,380.50908521303256,89.59334726153472,67.9911228561604,55.61574
2016-05-23 23:00:00,58.333333333333336,97.2345756341998,380.0,60.0,60.0,380.6109022556391,80.29478510135687,119.19530950284494,55.877823
2016-05-24 00:00:00,50.0,97.2345756341998,380.0,58.333333333333336,50.0,380.7127192982456,65.71547140230898,52.57221012687614,54.587753
2016-05-24 01:00:00,56.66666666666666,97.2345756341998,380.0,51.66666666666666,55.0,380.81453634085216,60.78218955961631,51.57472335704946,53.015606
2016-05-24 02:00:00,55.0,97.2345756341998,380.0,58.333333333333336,51.66666666666666,380.9163533834586,56.75644615896896,49.56748081823483,52.935257
2016-05-24 03:00:00,53.333333333333336,97.2345756341998,380.0,51.66666666666666,53.333333333333336,381.0181704260652,53.96906212709121,50.26303407533352,51.993156
2016-05-24 04:00:00,53.333333333333336,97.2345756341998,380.0,50.0,53.333333333333336,381.1199874686717,53.50737478386846,51.73206855250295,53.62837
2016-05-24 05:00:00,106.66666666666669,97.2345756341998,380.0,66.66666666666667,58.333333333333336,381.2218045112782,59.8386762646914,64.29038300456864,60.739582
2016-05-24 06:00:00,71.66666666666667,97.2345756341998,380.0,60.0,56.66666666666666,381.3236215538847,66.58997378754012,67.27410705767402,62.422832
2016-05-24 07:00:00,161.66666666666666,97.2345756341998,380.0,56.66666666666666,65.0,381.4254385964912,87.0603529491922,87.35161312270242,62.433796
2016-05-24 08:00:00,56.66666666666666,97.2345756341998,380.0,51.66666666666666,56.66666666666666,381.52725563909775,113.0891029755272,82.5648899607211,59.857872
2016-05-24 09:00:00,38.333333333333336,97.2345756341998,380.0,55.0,51.66666666666666,381.62907268170426,102.8013271133469,72.51508334178045,52.650642
2016-05-24 10:00:00,66.66666666666667,97.2345756341998,380.0,51.66666666666666,53.333333333333336,381.7308897243108,118.919545712047,88.30778288848306,53.718002
2016-05-24 11:00:00,101.66666666666669,97.2345756341998,380.0,56.66666666666666,51.66666666666666,381.8327067669173,126.99469314624405,103.0208899455468,53.864494
2016-05-24 12:00:00,128.33333333333334,97.2345756341998,380.0,61.66666666666666,53.333333333333336,381.9345238095238,108.36088710132304,61.65771734091853,54.935574
2016-05-24 13:00:00,118.33333333333331,97.2345756341998,380.0,56.66666666666666,41.66666666666666,382.0363408521303,111.11728459278156,84.71219185164831,57.05636
2016-05-24 14:00:00,150.0,97.2345756341998,380.0,58.333333333333336,53.333333333333336,382.1381578947368,100.8107396915427,86.75222924793079,55.858334
2016-05-24 15:00:00,141.66666666666666,97.2345756341998,380.0,73.33333333333333,51.66666666666666,382.2399749373433,101.66440178112664,105.00036356746143,58.349564
2016-05-24 16:00:00,141.66666666666666,97.2345756341998,380.0,156.66666666666666,66.66666666666667,382.3417919799499,114.83510640999695,112.20100588388216,84.93862
2016-05-24 17:00:00,203.3333333333333,97.2345756341998,380.0,380.0,153.33333333333334,382.4436090225564,189.50855749758276,141.69351400879228,189.83824
2016-05-24 18:00:00,136.66666666666666,97.22204952854626,203.3333333333333,123.33333333333331,100.0,203.37945688225537,167.7954382430135,177.40530674943918,163.60732
2016-05-24 19:00:00,123.33333333333331,97.22204952854626,203.3333333333333,120.0,123.33333333333331,203.42558043117745,124.38254914411236,114.04614156405152,128.11646
2016-05-24 20:00:00,96.66666666666669,97.22204952854626,203.3333333333333,105.0,118.33333333333331,203.47170398009948,119.83802251896763,119.63498523710794,107.72777
2016-05-24 21:00:00,76.66666666666667,97.22204952854626,203.3333333333333,68.33333333333333,65.0,203.51782752902156,82.61894702034465,68.38966595148057,71.0128
2016-05-24 22:00:00,61.66666666666666,97.22204952854626,203.3333333333333,63.333333333333336,46.66666666666666,203.5639510779436,61.81844190431156,69.34031825662095,57.13856
2016-05-24 23:00:00,58.333333333333336,97.22204952854626,203.3333333333333,58.333333333333336,55.0,203.61007462686564,60.01899698409097,77.97734468613594,55.52038
2016-05-25 00:00:00,53.333333333333336,97.22204952854626,203.3333333333333,50.0,51.66666666666666,203.6561981757877,52.71847957895871,54.13779116171499,54.472534
2016-05-25 01:00:00,53.333333333333336,97.22204952854626,203.3333333333333,56.66666666666666,53.333333333333336,203.70232172470975,52.76975972920692,53.411421223697374,53.7114
2016-05-25 02:00:00,56.66666666666666,97.22204952854626,203.3333333333333,55.0,55.0,203.74844527363183,51.67738068797192,51.49820940234007,53.797417
2016-05-25 03:00:00,48.333333333333336,97.22204952854626,203.3333333333333,53.333333333333336,51.66666666666666,203.79456882255388,50.736852438729215,50.406638983197965,52.56338
2016-05-25 04:00:00,55.0,97.22204952854626,203.3333333333333,53.333333333333336,51.66666666666666,203.84069237147597,51.43738039981236,48.06690978202595,51.775475
2016-05-25 05:00:00,55.0,97.22204952854626,203.3333333333333,106.66666666666669,65.0,203.886815920398,60.69747909685972,75.77536243532676,56.87208
2016-05-25 06:00:00,55.0,97.22204952854626,203.3333333333333,71.66666666666667,70.0,203.93293946932005,65.95204331059838,68.86961395670737,64.08195
2016-05-25 07:00:00,65.0,97.22204952854626,203.3333333333333,161.66666666666666,53.333333333333336,203.9790630182421,89.97540887369898,90.51652487812257,69.21698
2016-05-25 08:00:00,83.33333333333333,97.22204952854626,203.3333333333333,56.66666666666666,61.66666666666666,204.02518656716416,110.04682812723314,84.61498437431105,67.45276
2016-05-25 09:00:00,90.0,97.22204952854626,203.3333333333333,38.333333333333336,65.0,204.0713101160862,99.50019009200255,63.837891564985576,57.855804
2016-05-25 10:00:00,78.33333333333333,97.22204952854626,203.3333333333333,66.66666666666667,58.333333333333336,204.11743366500824,116.2663819028128,68.90386394852739,58.10864
2016-05-25 11:00:00,50.0,97.22204952854626,203.3333333333333,101.66666666666669,70.0,204.16355721393032,125.65178415336256,103.69669551119996,61.579193
2016-05-25 12:00:00,60.0,97.22204952854626,203.3333333333333,128.33333333333334,56.66666666666666,204.2096807628524,109.1723848949952,111.3246606242058,65.30336
2016-05-25 13:00:00,71.66666666666667,97.22204952854626,203.3333333333333,118.33333333333331,86.66666666666667,204.25580431177443,111.34999880380386,96.6224088212922,72.254196
2016-05-25 14:00:00,80.0,97.22204952854626,203.3333333333333,150.0,81.66666666666667,204.3019278606965,103.02373715119111,108.18965585261653,74.56048
2016-05-25 15:00:00,80.0,97.22204952854626,203.3333333333333,141.66666666666666,83.33333333333333,204.34805140961856,103.45445727816758,120.8556357277782,74.023384
2016-05-25 16:00:00,231.66666666666663,97.22204952854626,203.3333333333333,141.66666666666666,105.0,204.39417495854065,116.01259063092718,101.83374175778344,99.512085
2016-05-25 17:00:00,118.33333333333331,97.22204952854626,203.3333333333333,203.3333333333333,118.33333333333331,204.44029850746267,190.0793476670442,176.5398196246197,185.78424
2016-05-25 18:00:00,156.66666666666666,97.1001748431554,118.33333333333331,136.66666666666666,178.33333333333334,118.3528806584362,155.15746673978768,176.56170883295002,136.95697
2016-05-25 19:00:00,118.33333333333331,97.1001748431554,118.33333333333331,123.33333333333331,143.33333333333334,118.37242798353908,102.28641007467635,140.1964418402046,115.16885
2016-05-25 20:00:00,190.0,97.1001748431554,118.33333333333331,96.66666666666669,223.3333333333333,118.39197530864196,105.86061137777492,109.83922153055484,94.606735
2016-05-25 21:00:00,56.66666666666666,97.1001748431554,118.33333333333331,76.66666666666667,81.66666666666667,118.41152263374484,75.7713980626443,77.33228914398612,70.50817
2016-05-25 22:00:00,53.333333333333336,97.1001748431554,118.33333333333331,61.66666666666666,51.66666666666666,118.43106995884771,56.22924831597793,67.34370336569,58.20813
2016-05-25 23:00:00,53.333333333333336,97.1001748431554,118.33333333333331,58.333333333333336,56.66666666666666,118.4506172839506,55.11671576588152,69.55139627492346,56.660145
2016-05-26 00:00:00,53.333333333333336,97.1001748431554,118.33333333333331,53.333333333333336,51.66666666666666,118.47016460905348,49.655170794888335,56.52934803560596,54.854446
2016-05-26 01:00:00,55.0,97.1001748431554,118.33333333333331,53.333333333333336,51.66666666666666,118.48971193415636,50.80444071673655,53.635168952218805,54.310345
2016-05-26 02:00:00,50.0,97.1001748431554,118.33333333333331,56.66666666666666,50.0,118.50925925925924,50.61904527336188,49.87920893918918,53.373955
2016-05-26 03:00:00,56.66666666666666,97.1001748431554,118.33333333333331,48.333333333333336,51.66666666666666,118.52880658436212,49.77651824682917,50.26617753735433,51.85045
2016-05-26 04:00:00,50.0,97.1001748431554,118.33333333333331,55.0,56.66666666666666,118.548353909465,51.039411983848105,53.60929600374912,52.225933
2016-05-26 05:00:00,56.66666666666666,97.1001748431554,118.33333333333331,55.0,55.0,118.56790123456788,60.04498969196431,65.46987865480857,58.45547
2016-05-26 06:00:00,61.66666666666666,97.1001748431554,118.33333333333331,55.0,58.333333333333336,118.58744855967076,65.16738387162737,59.27112051569941,62.766293
2016-05-26 07:00:00,100.0,97.1001748431554,118.33333333333331,65.0,50.0,118.60699588477364,88.6058286655639,75.73686295379844,70.92726
2016-05-26 08:00:00,156.66666666666666,97.1001748431554,118.33333333333331,83.33333333333333,53.333333333333336,118.62654320987652,108.64189846944208,86.86527249764356,75.345924
2016-05-26 09:00:00,276.6666666666667,97.1001748431554,118.33333333333331,90.0,36.66666666666666,118.6460905349794,98.93167247821911,88.9731864236257,67.89233
2016-05-26 10:00:00,265.0,97.1001748431554,118.33333333333331,78.33333333333333,55.0,118.66563786008228,114.38337817197277,88.26138516157425,61.75899
2016-05-26 11:00:00,243.3333333333333,97.1001748431554,118.33333333333331,50.0,51.66666666666666,118.68518518518516,122.01211427023723,117.93802524006644,61.23064
2016-05-26 12:00:00,221.66666666666663,97.1001748431554,118.33333333333331,60.0,55.0,118.70473251028804,106.78178819850352,102.3559913686659,63.85885
2016-05-26 13:00:00,75.0,97.1001748431554,118.33333333333331,71.66666666666667,50.0,118.72427983539092,109.40910417224045,74.83252060111612,67.59075
2016-05-26 14:00:00,68.33333333333333,97.1001748431554,118.33333333333331,80.0,63.333333333333336,118.7438271604938,101.86700494618836,90.02511869633503,69.846085
2016-05-26 15:00:00,61.66666666666666,97.1001748431554,118.33333333333331,80.0,81.66666666666667,118.76337448559669,102.2794649226652,99.12148364663318,76.564926
2016-05-26 16:00:00,495.0,97.1001748431554,118.33333333333331,231.66666666666663,90.0,118.78292181069956,121.3612090848175,120.11019936444023,106.128685
2016-05-26 17:00:00,440.0,97.1001748431554,118.33333333333331,118.33333333333331,208.3333333333333,118.80246913580244,186.64212130776548,165.60469430194655,162.92062
2016-05-26 18:00:00,215.0,97.43236345074016,440.0,156.66666666666666,120.0,440.1179534313725,329.40659510567514,262.45699787990264,226.6423
2016-05-26 19:00:00,223.3333333333333,97.43236345074016,440.0,118.33333333333331,98.33333333333331,440.2359068627451,241.1629131916324,163.9851256093414,149.2414
2016-05-26 20:00:00,91.66666666666669,97.43236345074016,440.0,190.0,118.33333333333331,440.3538602941176,201.79516705919576,104.54384991728884,113.78058
2016-05-26 21:00:00,76.66666666666667,97.43236345074016,440.0,56.66666666666666,66.66666666666667,440.4718137254902,145.6208155543926,72.15985020888142,79.41888
2016-05-26 22:00:00,70.0,97.43236345074016,440.0,53.333333333333336,50.0,440.5897671568628,111.28801975328324,47.30154926482891,59.509235
2016-05-26 23:00:00,65.0,97.43236345074016,440.0,53.333333333333336,56.66666666666666,440.7077205882353,92.95089967333698,73.81835254936247,56.869667
2016-05-27 00:00:00,60.0,97.43236345074016,440.0,53.333333333333336,51.66666666666666,440.8256740196079,73.90421508590396,49.03577387190829,55.203224
2016-05-27 01:00:00,58.333333333333336,97.43236345074016,440.0,55.0,51.66666666666666,440.9436274509804,66.27945369234672,46.9373990998714,54.49757
2016-05-27 02:00:00,50.0,97.43236345074016,440.0,50.0,36.66666666666666,441.0615808823529,60.27560498627414,46.835934742572746,52.308243
2016-05-27 03:00:00,58.333333333333336,97.43236345074016,440.0,56.66666666666666,58.333333333333336,441.1795343137255,56.230105164892095,49.50194179035347,52.15122
2016-05-27 04:00:00,58.333333333333336,97.43236345074016,440.0,50.0,51.66666666666666,441.29748774509807,54.86140299065497,53.57886203063487,52.645004
2016-05-27 05:00:00,58.333333333333336,97.43236345074016,440.0,56.66666666666666,61.66666666666666,441.4154411764706,62.32085261714518,69.17627934144402,57.379017
2016-05-27 06:00:00,63.333333333333336,97.43236345074016,440.0,61.66666666666666,66.66666666666667,441.5333946078432,66.52440731744868,68.72159079879191,73.5938
2016-05-27 07:00:00,111.66666666666669,97.43236345074016,440.0,100.0,80.0,441.6513480392157,90.0808077583793,119.49379715799658,107.4511
2016-05-27 08:00:00,130.0,97.43236345074016,440.0,156.66666666666666,126.66666666666669,441.7693014705882,111.46542587434564,94.5096285965332,165.58652
2016-05-27 09:00:00,251.66666666666663,97.43236345074016,440.0,276.6666666666667,73.33333333333333,441.8872549019608,107.60239365893835,122.83085712175848,193.81985
2016-05-27 10:00:00,251.66666666666663,97.43236345074016,440.0,265.0,81.66666666666667,442.0052083333333,121.63352246786292,126.6659724825052,205.36343
2016-05-27 11:00:00,310.0,97.43236345074016,440.0,243.3333333333333,73.33333333333333,442.12316176470586,127.7939227571268,121.7529180631579,196.6843
2016-05-27 12:00:00,185.0,97.43236345074016,440.0,221.66666666666663,71.66666666666667,442.24111519607845,112.20157917821078,111.71157339809469,173.43344
2016-05-27 13:00:00,265.0,97.43236345074016,440.0,75.0,61.66666666666666,442.359068627451,107.7906621659758,94.92135267340004,159.69774
2016-05-27 14:00:00,101.66666666666669,97.43236345074016,440.0,68.33333333333333,60.0,442.47702205882354,100.26526983511395,103.70622955054029,140.25574
2016-05-27 15:00:00,76.66666666666667,97.43236345074016,440.0,61.66666666666666,46.66666666666666,442.5949754901961,100.33033938944676,117.1307346451962,145.74898
2016-05-27 16:00:00,135.0,97.43236345074016,440.0,495.0,48.333333333333336,442.7129289215686,138.8252516361767,107.0929321855612,196.07932
2016-05-27 17:00:00,180.0,97.43236345074016,440.0,440.0,75.0,442.8308823529412,198.4603045765156,153.56666018741046,203.0491
