date,window,origin,step,actual,mean,naive,seasonal_naive_daily,seasonal_naive_weekly,drift
2016-05-13 18:00:00,1,2016-05-13 17:00:00,1,348.3333333333333,97.37667908341798,231.66666666666663,105.0,176.66666666666666,231.72651309846427
2016-05-13 19:00:00,1,2016-05-13 17:00:00,2,208.33333333333331,97.37667908341798,231.66666666666663,123.33333333333331,126.66666666666669,231.78635953026193
2016-05-13 20:00:00,1,2016-05-13 17:00:00,3,120.0,97.37667908341798,231.66666666666663,100.0,116.66666666666669,231.84620596205957
2016-05-13 21:00:00,1,2016-05-13 17:00:00,4,63.333333333333336,97.37667908341798,231.66666666666663,71.66666666666667,71.66666666666667,231.90605239385724
2016-05-13 22:00:00,1,2016-05-13 17:00:00,5,55.0,97.37667908341798,231.66666666666663,60.0,53.333333333333336,231.96589882565488
2016-05-13 23:00:00,1,2016-05-13 17:00:00,6,61.66666666666666,97.37667908341798,231.66666666666663,56.66666666666666,58.333333333333336,232.02574525745254
2016-05-14 00:00:00,1,2016-05-13 17:00:00,7,58.333333333333336,97.37667908341798,231.66666666666663,55.0,51.66666666666666,232.08559168925018
2016-05-14 01:00:00,1,2016-05-13 17:00:00,8,63.333333333333336,97.37667908341798,231.66666666666663,53.333333333333336,56.66666666666666,232.14543812104785
2016-05-14 02:00:00,1,2016-05-13 17:00:00,9,60.0,97.37667908341798,231.66666666666663,58.333333333333336,53.333333333333336,232.20528455284548
2016-05-14 03:00:00,1,2016-05-13 17:00:00,10,60.0,97.37667908341798,231.66666666666663,58.333333333333336,55.0,232.26513098464315
2016-05-14 04:00:00,1,2016-05-13 17:00:00,11,60.0,97.37667908341798,231.66666666666663,50.0,55.0,232.3249774164408
2016-05-14 05:00:00,1,2016-05-13 17:00:00,12,56.66666666666666,97.37667908341798,231.66666666666663,58.333333333333336,51.66666666666666,232.38482384823845
2016-05-14 06:00:00,1,2016-05-13 17:00:00,13,63.333333333333336,97.37667908341798,231.66666666666663,146.66666666666666,53.333333333333336,232.4446702800361
2016-05-14 07:00:00,1,2016-05-13 17:00:00,14,113.33333333333331,97.37667908341798,231.66666666666663,176.66666666666666,148.33333333333334,232.50451671183376
2016-05-14 08:00:00,1,2016-05-13 17:00:00,15,133.33333333333334,97.37667908341798,231.66666666666663,338.3333333333333,121.66666666666669,232.5643631436314
2016-05-14 09:00:00,1,2016-05-13 17:00:00,16,118.33333333333331,97.37667908341798,231.66666666666663,93.33333333333331,153.33333333333334,232.62420957542906
2016-05-14 10:00:00,1,2016-05-13 17:00:00,17,158.33333333333334,97.37667908341798,231.66666666666663,73.33333333333333,178.33333333333334,232.6840560072267
2016-05-14 11:00:00,1,2016-05-13 17:00:00,18,96.66666666666669,97.37667908341798,231.66666666666663,355.0,161.66666666666666,232.74390243902434
2016-05-14 12:00:00,1,2016-05-13 17:00:00,19,116.66666666666669,97.37667908341798,231.66666666666663,301.6666666666667,86.66666666666667,232.803748870822
2016-05-14 13:00:00,1,2016-05-13 17:00:00,20,113.33333333333331,97.37667908341798,231.66666666666663,268.3333333333333,75.0,232.86359530261964
2016-05-14 14:00:00,1,2016-05-13 17:00:00,21,106.66666666666669,97.37667908341798,231.66666666666663,318.3333333333333,88.33333333333333,232.9234417344173
2016-05-14 15:00:00,1,2016-05-13 17:00:00,22,130.0,97.37667908341798,231.66666666666663,201.66666666666663,103.33333333333331,232.98328816621495
2016-05-14 16:00:00,1,2016-05-13 17:00:00,23,111.66666666666669,97.37667908341798,231.66666666666663,351.6666666666667,91.66666666666669,233.0431345980126
2016-05-14 17:00:00,1,2016-05-13 17:00:00,24,241.66666666666663,97.37667908341798,231.66666666666663,231.66666666666663,83.33333333333333,233.10298102981025
2016-05-14 18:00:00,2,2016-05-14 17:00:00,1,166.66666666666666,97.50475870563206,241.66666666666663,348.3333333333333,285.0,241.72939068100354
2016-05-14 19:00:00,2,2016-05-14 17:00:00,2,90.0,97.50475870563206,241.66666666666663,208.33333333333331,120.0,241.79211469534047
2016-05-14 20:00:00,2,2016-05-14 17:00:00,3,86.66666666666667,97.50475870563206,241.66666666666663,120.0,86.66666666666667,241.85483870967738
2016-05-14 21:00:00,2,2016-05-14 17:00:00,4,75.0,97.50475870563206,241.66666666666663,63.333333333333336,56.66666666666666,241.9175627240143
2016-05-14 22:00:00,2,2016-05-14 17:00:00,5,61.66666666666666,97.50475870563206,241.66666666666663,55.0,58.333333333333336,241.98028673835123
2016-05-14 23:00:00,2,2016-05-14 17:00:00,6,48.333333333333336,97.50475870563206,241.66666666666663,61.66666666666666,56.66666666666666,242.04301075268813
2016-05-15 00:00:00,2,2016-05-14 17:00:00,7,53.333333333333336,97.50475870563206,241.66666666666663,58.333333333333336,58.333333333333336,242.10573476702504
2016-05-15 01:00:00,2,2016-05-14 17:00:00,8,55.0,97.50475870563206,241.66666666666663,63.333333333333336,51.66666666666666,242.16845878136198
2016-05-15 02:00:00,2,2016-05-14 17:00:00,9,51.66666666666666,97.50475870563206,241.66666666666663,60.0,55.0,242.23118279569889
2016-05-15 03:00:00,2,2016-05-14 17:00:00,10,40.0,97.50475870563206,241.66666666666663,60.0,56.66666666666666,242.2939068100358
2016-05-15 04:00:00,2,2016-05-14 17:00:00,11,51.66666666666666,97.50475870563206,241.66666666666663,60.0,50.0,242.35663082437273
2016-05-15 05:00:00,2,2016-05-14 17:00:00,12,56.66666666666666,97.50475870563206,241.66666666666663,56.66666666666666,56.66666666666666,242.41935483870964
2016-05-15 06:00:00,2,2016-05-14 17:00:00,13,51.66666666666666,97.50475870563206,241.66666666666663,63.333333333333336,50.0,242.48207885304654
2016-05-15 07:00:00,2,2016-05-14 17:00:00,14,93.33333333333331,97.50475870563206,241.66666666666663,113.33333333333331,60.0,242.54480286738348
2016-05-15 08:00:00,2,2016-05-14 17:00:00,15,118.33333333333331,97.50475870563206,241.66666666666663,133.33333333333334,183.33333333333331,242.6075268817204
2016-05-15 09:00:00,2,2016-05-14 17:00:00,16,101.66666666666669,97.50475870563206,241.66666666666663,118.33333333333331,143.33333333333334,242.6702508960573
2016-05-15 10:00:00,2,2016-05-14 17:00:00,17,108.33333333333331,97.50475870563206,241.66666666666663,158.33333333333334,135.0,242.73297491039423
2016-05-15 11:00:00,2,2016-05-14 17:00:00,18,105.0,97.50475870563206,241.66666666666663,96.66666666666669,50.0,242.79569892473114
2016-05-15 12:00:00,2,2016-05-14 17:00:00,19,96.66666666666669,97.50475870563206,241.66666666666663,116.66666666666669,56.66666666666666,242.85842293906805
2016-05-15 13:00:00,2,2016-05-14 17:00:00,20,136.66666666666666,97.50475870563206,241.66666666666663,113.33333333333331,56.66666666666666,242.92114695340499
2016-05-15 14:00:00,2,2016-05-14 17:00:00,21,88.33333333333333,97.50475870563206,241.66666666666663,106.66666666666669,56.66666666666666,242.9838709677419
2016-05-15 15:00:00,2,2016-05-14 17:00:00,22,93.33333333333331,97.50475870563206,241.66666666666663,130.0,50.0,243.0465949820788
2016-05-15 16:00:00,2,2016-05-14 17:00:00,23,143.33333333333334,97.50475870563206,241.66666666666663,111.66666666666669,55.0,243.10931899641574
2016-05-15 17:00:00,2,2016-05-14 17:00:00,24,236.66666666666663,97.50475870563206,241.66666666666663,241.66666666666663,56.66666666666666,243.17204301075265
2016-05-15 18:00:00,3,2016-05-15 17:00:00,1,98.33333333333331,97.46140175497055,236.66666666666663,166.66666666666666,50.0,236.7272222222222
2016-05-15 19:00:00,3,2016-05-15 17:00:00,2,96.66666666666669,97.46140175497055,236.66666666666663,90.0,60.0,236.78777777777773
2016-05-15 20:00:00,3,2016-05-15 17:00:00,3,246.66666666666663,97.46140175497055,236.66666666666663,86.66666666666667,78.33333333333333,236.8483333333333
2016-05-15 21:00:00,3,2016-05-15 17:00:00,4,203.33333333333331,97.46140175497055,236.66666666666663,75.0,63.333333333333336,236.90888888888884
2016-05-15 22:00:00,3,2016-05-15 17:00:00,5,86.66666666666667,97.46140175497055,236.66666666666663,61.66666666666666,58.333333333333336,236.9694444444444
2016-05-15 23:00:00,3,2016-05-15 17:00:00,6,83.33333333333333,97.46140175497055,236.66666666666663,48.333333333333336,53.333333333333336,237.02999999999997
2016-05-16 00:00:00,3,2016-05-15 17:00:00,7,61.66666666666666,97.46140175497055,236.66666666666663,53.333333333333336,55.0,237.0905555555555
2016-05-16 01:00:00,3,2016-05-15 17:00:00,8,53.333333333333336,97.46140175497055,236.66666666666663,55.0,58.333333333333336,237.15111111111108
2016-05-16 02:00:00,3,2016-05-15 17:00:00,9,56.66666666666666,97.46140175497055,236.66666666666663,51.66666666666666,55.0,237.21166666666662
2016-05-16 03:00:00,3,2016-05-15 17:00:00,10,53.333333333333336,97.46140175497055,236.66666666666663,40.0,53.333333333333336,237.27222222222218
2016-05-16 04:00:00,3,2016-05-15 17:00:00,11,55.0,97.46140175497055,236.66666666666663,51.66666666666666,56.66666666666666,237.33277777777775
2016-05-16 05:00:00,3,2016-05-15 17:00:00,12,51.66666666666666,97.46140175497055,236.66666666666663,56.66666666666666,65.0,237.3933333333333
2016-05-16 06:00:00,3,2016-05-15 17:00:00,13,53.333333333333336,97.46140175497055,236.66666666666663,51.66666666666666,55.0,237.45388888888886
2016-05-16 07:00:00,3,2016-05-15 17:00:00,14,61.66666666666666,97.46140175497055,236.66666666666663,93.33333333333331,56.66666666666666,237.5144444444444
2016-05-16 08:00:00,3,2016-05-15 17:00:00,15,88.33333333333333,97.46140175497055,236.66666666666663,118.33333333333331,61.66666666666666,237.57499999999996
2016-05-16 09:00:00,3,2016-05-15 17:00:00,16,70.0,97.46140175497055,236.66666666666663,101.66666666666669,66.66666666666667,237.63555555555553
2016-05-16 10:00:00,3,2016-05-15 17:00:00,17,148.33333333333334,97.46140175497055,236.66666666666663,108.33333333333331,55.0,237.69611111111107
2016-05-16 11:00:00,3,2016-05-15 17:00:00,18,103.33333333333331,97.46140175497055,236.66666666666663,105.0,61.66666666666666,237.75666666666663
2016-05-16 12:00:00,3,2016-05-15 17:00:00,19,206.66666666666663,97.46140175497055,236.66666666666663,96.66666666666669,135.0,237.81722222222217
2016-05-16 13:00:00,3,2016-05-15 17:00:00,20,266.6666666666667,97.46140175497055,236.66666666666663,136.66666666666666,173.33333333333334,237.87777777777774
2016-05-16 14:00:00,3,2016-05-15 17:00:00,21,88.33333333333333,97.46140175497055,236.66666666666663,88.33333333333333,88.33333333333333,237.9383333333333
2016-05-16 15:00:00,3,2016-05-15 17:00:00,22,111.66666666666669,97.46140175497055,236.66666666666663,93.33333333333331,70.0,237.99888888888884
2016-05-16 16:00:00,3,2016-05-15 17:00:00,23,88.33333333333333,97.46140175497055,236.66666666666663,143.33333333333334,78.33333333333333,238.0594444444444
2016-05-16 17:00:00,3,2016-05-15 17:00:00,24,243.33333333333331,97.46140175497055,236.66666666666663,236.66666666666663,268.3333333333333,238.11999999999995
2016-05-16 18:00:00,4,2016-05-16 17:00:00,1,155.0,97.57300275482093,243.33333333333331,98.33333333333331,120.0,243.39561287477952
2016-05-16 19:00:00,4,2016-05-16 17:00:00,2,115.0,97.57300275482093,243.33333333333331,96.66666666666669,110.0,243.45789241622572
2016-05-16 20:00:00,4,2016-05-16 17:00:00,3,96.66666666666669,97.57300275482093,243.33333333333331,246.66666666666663,95.0,243.52017195767195
2016-05-16 21:00:00,4,2016-05-16 17:00:00,4,68.33333333333333,97.57300275482093,243.33333333333331,203.33333333333331,71.66666666666667,243.58245149911815
2016-05-16 22:00:00,4,2016-05-16 17:00:00,5,46.66666666666666,97.57300275482093,243.33333333333331,86.66666666666667,71.66666666666667,243.64473104056435
2016-05-16 23:00:00,4,2016-05-16 17:00:00,6,60.0,97.57300275482093,243.33333333333331,83.33333333333333,60.0,243.70701058201055
2016-05-17 00:00:00,4,2016-05-16 17:00:00,7,50.0,97.57300275482093,243.33333333333331,61.66666666666666,51.66666666666666,243.76929012345678
2016-05-17 01:00:00,4,2016-05-16 17:00:00,8,55.0,97.57300275482093,243.33333333333331,53.333333333333336,55.0,243.831569664903
2016-05-17 02:00:00,4,2016-05-16 17:00:00,9,51.66666666666666,97.57300275482093,243.33333333333331,56.66666666666666,56.66666666666666,243.8938492063492
2016-05-17 03:00:00,4,2016-05-16 17:00:00,10,53.333333333333336,97.57300275482093,243.33333333333331,53.333333333333336,56.66666666666666,243.9561287477954
2016-05-17 04:00:00,4,2016-05-16 17:00:00,11,53.333333333333336,97.57300275482093,243.33333333333331,55.0,50.0,244.0184082892416
2016-05-17 05:00:00,4,2016-05-16 17:00:00,12,58.333333333333336,97.57300275482093,243.33333333333331,51.66666666666666,71.66666666666667,244.08068783068782
2016-05-17 06:00:00,4,2016-05-16 17:00:00,13,56.66666666666666,97.57300275482093,243.33333333333331,53.333333333333336,63.333333333333336,244.14296737213402
2016-05-17 07:00:00,4,2016-05-16 17:00:00,14,65.0,97.57300275482093,243.33333333333331,61.66666666666666,60.0,244.20524691358023
2016-05-17 08:00:00,4,2016-05-16 17:00:00,15,56.66666666666666,97.57300275482093,243.33333333333331,88.33333333333333,56.66666666666666,244.26752645502643
2016-05-17 09:00:00,4,2016-05-16 17:00:00,16,51.66666666666666,97.57300275482093,243.33333333333331,70.0,55.0,244.32980599647266
2016-05-17 10:00:00,4,2016-05-16 17:00:00,17,53.333333333333336,97.57300275482093,243.33333333333331,148.33333333333334,53.333333333333336,244.39208553791886
2016-05-17 11:00:00,4,2016-05-16 17:00:00,18,51.66666666666666,97.57300275482093,243.33333333333331,103.33333333333331,56.66666666666666,244.45436507936506
2016-05-17 12:00:00,4,2016-05-16 17:00:00,19,53.333333333333336,97.57300275482093,243.33333333333331,206.66666666666663,58.333333333333336,244.51664462081126
2016-05-17 13:00:00,4,2016-05-16 17:00:00,20,41.66666666666666,97.57300275482093,243.33333333333331,266.6666666666667,53.333333333333336,244.57892416225747
2016-05-17 14:00:00,4,2016-05-16 17:00:00,21,53.333333333333336,97.57300275482093,243.33333333333331,88.33333333333333,53.333333333333336,244.6412037037037
2016-05-17 15:00:00,4,2016-05-16 17:00:00,22,51.66666666666666,97.57300275482093,243.33333333333331,111.66666666666669,56.66666666666666,244.7034832451499
2016-05-17 16:00:00,4,2016-05-16 17:00:00,23,66.66666666666667,97.57300275482093,243.33333333333331,88.33333333333333,63.333333333333336,244.7657627865961
2016-05-17 17:00:00,4,2016-05-16 17:00:00,24,153.33333333333334,97.57300275482093,243.33333333333331,243.33333333333331,126.66666666666669,244.8280423280423
2016-05-17 18:00:00,5,2016-05-17 17:00:00,1,100.0,97.33573849349514,153.33333333333334,155.0,101.66666666666669,153.3655949256343
2016-05-17 19:00:00,5,2016-05-17 17:00:00,2,123.33333333333331,97.33573849349514,153.33333333333334,115.0,105.0,153.39785651793528
2016-05-17 20:00:00,5,2016-05-17 17:00:00,3,118.33333333333331,97.33573849349514,153.33333333333334,96.66666666666669,95.0,153.43011811023624
2016-05-17 21:00:00,5,2016-05-17 17:00:00,4,65.0,97.33573849349514,153.33333333333334,68.33333333333333,68.33333333333333,153.4623797025372
2016-05-17 22:00:00,5,2016-05-17 17:00:00,5,46.66666666666666,97.33573849349514,153.33333333333334,46.66666666666666,58.333333333333336,153.49464129483815
2016-05-17 23:00:00,5,2016-05-17 17:00:00,6,55.0,97.33573849349514,153.33333333333334,60.0,56.66666666666666,153.52690288713913
2016-05-18 00:00:00,5,2016-05-17 17:00:00,7,51.66666666666666,97.33573849349514,153.33333333333334,50.0,51.66666666666666,153.55916447944008
2016-05-18 01:00:00,5,2016-05-17 17:00:00,8,53.333333333333336,97.33573849349514,153.33333333333334,55.0,56.66666666666666,153.59142607174104
2016-05-18 02:00:00,5,2016-05-17 17:00:00,9,55.0,97.33573849349514,153.33333333333334,51.66666666666666,56.66666666666666,153.623687664042
2016-05-18 03:00:00,5,2016-05-17 17:00:00,10,51.66666666666666,97.33573849349514,153.33333333333334,53.333333333333336,53.333333333333336,153.65594925634298
2016-05-18 04:00:00,5,2016-05-17 17:00:00,11,51.66666666666666,97.33573849349514,153.33333333333334,53.333333333333336,51.66666666666666,153.68821084864393
2016-05-18 05:00:00,5,2016-05-17 17:00:00,12,65.0,97.33573849349514,153.33333333333334,58.333333333333336,68.33333333333333,153.7204724409449
2016-05-18 06:00:00,5,2016-05-17 17:00:00,13,70.0,97.33573849349514,153.33333333333334,56.66666666666666,110.0,153.75273403324584
2016-05-18 07:00:00,5,2016-05-17 17:00:00,14,53.333333333333336,97.33573849349514,153.33333333333334,65.0,76.66666666666667,153.78499562554683
2016-05-18 08:00:00,5,2016-05-17 17:00:00,15,61.66666666666666,97.33573849349514,153.33333333333334,56.66666666666666,161.66666666666666,153.81725721784778
2016-05-18 09:00:00,5,2016-05-17 17:00:00,16,65.0,97.33573849349514,153.33333333333334,51.66666666666666,65.0,153.84951881014874
2016-05-18 10:00:00,5,2016-05-17 17:00:00,17,58.333333333333336,97.33573849349514,153.33333333333334,53.333333333333336,63.333333333333336,153.8817804024497
2016-05-18 11:00:00,5,2016-05-17 17:00:00,18,70.0,97.33573849349514,153.33333333333334,51.66666666666666,55.0,153.91404199475068
2016-05-18 12:00:00,5,2016-05-17 17:00:00,19,56.66666666666666,97.33573849349514,153.33333333333334,53.333333333333336,56.66666666666666,153.94630358705163
2016-05-18 13:00:00,5,2016-05-17 17:00:00,20,86.66666666666667,97.33573849349514,153.33333333333334,41.66666666666666,73.33333333333333,153.9785651793526
2016-05-18 14:00:00,5,2016-05-17 17:00:00,21,81.66666666666667,97.33573849349514,153.33333333333334,53.333333333333336,80.0,154.01082677165354
2016-05-18 15:00:00,5,2016-05-17 17:00:00,22,83.33333333333333,97.33573849349514,153.33333333333334,51.66666666666666,76.66666666666667,154.04308836395452
2016-05-18 16:00:00,5,2016-05-17 17:00:00,23,105.0,97.33573849349514,153.33333333333334,66.66666666666667,75.0,154.07534995625548
2016-05-18 17:00:00,5,2016-05-17 17:00:00,24,118.33333333333331,97.33573849349514,153.33333333333334,153.33333333333334,91.66666666666669,154.10761154855643
2016-05-18 18:00:00,6,2016-05-18 17:00:00,1,178.33333333333334,97.14394185920384,118.33333333333331,100.0,101.66666666666669,118.35394965277776
2016-05-18 19:00:00,6,2016-05-18 17:00:00,2,143.33333333333334,97.14394185920384,118.33333333333331,123.33333333333331,95.0,118.3745659722222
2016-05-18 20:00:00,6,2016-05-18 17:00:00,3,223.33333333333331,97.14394185920384,118.33333333333331,118.33333333333331,85.0,118.39518229166664
2016-05-18 21:00:00,6,2016-05-18 17:00:00,4,81.66666666666667,97.14394185920384,118.33333333333331,65.0,61.66666666666666,118.41579861111109
2016-05-18 22:00:00,6,2016-05-18 17:00:00,5,51.66666666666666,97.14394185920384,118.33333333333331,46.66666666666666,55.0,118.43641493055554
2016-05-18 23:00:00,6,2016-05-18 17:00:00,6,56.66666666666666,97.14394185920384,118.33333333333331,55.0,56.66666666666666,118.45703124999999
2016-05-19 00:00:00,6,2016-05-18 17:00:00,7,51.66666666666666,97.14394185920384,118.33333333333331,51.66666666666666,56.66666666666666,118.47764756944443
2016-05-19 01:00:00,6,2016-05-18 17:00:00,8,51.66666666666666,97.14394185920384,118.33333333333331,53.333333333333336,56.66666666666666,118.49826388888887
2016-05-19 02:00:00,6,2016-05-18 17:00:00,9,50.0,97.14394185920384,118.33333333333331,55.0,56.66666666666666,118.51888020833331
2016-05-19 03:00:00,6,2016-05-18 17:00:00,10,51.66666666666666,97.14394185920384,118.33333333333331,51.66666666666666,50.0,118.53949652777776
2016-05-19 04:00:00,6,2016-05-18 17:00:00,11,56.66666666666666,97.14394185920384,118.33333333333331,51.66666666666666,56.66666666666666,118.5601128472222
2016-05-19 05:00:00,6,2016-05-18 17:00:00,12,55.0,97.14394185920384,118.33333333333331,65.0,61.66666666666666,118.58072916666664
2016-05-19 06:00:00,6,2016-05-18 17:00:00,13,58.333333333333336,97.14394185920384,118.33333333333331,70.0,48.333333333333336,118.60134548611109
2016-05-19 07:00:00,6,2016-05-18 17:00:00,14,50.0,97.14394185920384,118.33333333333331,53.333333333333336,58.333333333333336,118.62196180555554
2016-05-19 08:00:00,6,2016-05-18 17:00:00,15,53.333333333333336,97.14394185920384,118.33333333333331,61.66666666666666,51.66666666666666,118.64257812499999
2016-05-19 09:00:00,6,2016-05-18 17:00:00,16,36.66666666666666,97.14394185920384,118.33333333333331,65.0,48.333333333333336,118.66319444444443
2016-05-19 10:00:00,6,2016-05-18 17:00:00,17,55.0,97.14394185920384,118.33333333333331,58.333333333333336,58.333333333333336,118.68381076388887
2016-05-19 11:00:00,6,2016-05-18 17:00:00,18,51.66666666666666,97.14394185920384,118.33333333333331,70.0,50.0,118.70442708333331
2016-05-19 12:00:00,6,2016-05-18 17:00:00,19,55.0,97.14394185920384,118.33333333333331,56.66666666666666,55.0,118.72504340277776
2016-05-19 13:00:00,6,2016-05-18 17:00:00,20,50.0,97.14394185920384,118.33333333333331,86.66666666666667,56.66666666666666,118.7456597222222
2016-05-19 14:00:00,6,2016-05-18 17:00:00,21,63.333333333333336,97.14394185920384,118.33333333333331,81.66666666666667,56.66666666666666,118.76627604166664
2016-05-19 15:00:00,6,2016-05-18 17:00:00,22,81.66666666666667,97.14394185920384,118.33333333333331,83.33333333333333,68.33333333333333,118.78689236111109
2016-05-19 16:00:00,6,2016-05-18 17:00:00,23,90.0,97.14394185920384,118.33333333333331,105.0,118.33333333333331,118.80750868055554
2016-05-19 17:00:00,6,2016-05-18 17:00:00,24,208.33333333333331,97.14394185920384,118.33333333333331,118.33333333333331,208.33333333333331,118.82812499999999
2016-05-19 18:00:00,7,2016-05-19 17:00:00,1,120.0,97.00624260036595,208.33333333333331,178.33333333333334,105.0,208.38285960378983
2016-05-19 19:00:00,7,2016-05-19 17:00:00,2,98.33333333333331,97.00624260036595,208.33333333333331,143.33333333333334,123.33333333333331,208.4323858742463
2016-05-19 20:00:00,7,2016-05-19 17:00:00,3,118.33333333333331,97.00624260036595,208.33333333333331,223.33333333333331,100.0,208.48191214470282
2016-05-19 21:00:00,7,2016-05-19 17:00:00,4,66.66666666666667,97.00624260036595,208.33333333333331,81.66666666666667,71.66666666666667,208.53143841515933
2016-05-19 22:00:00,7,2016-05-19 17:00:00,5,50.0,97.00624260036595,208.33333333333331,51.66666666666666,60.0,208.58096468561584
2016-05-19 23:00:00,7,2016-05-19 17:00:00,6,56.66666666666666,97.00624260036595,208.33333333333331,56.66666666666666,56.66666666666666,208.63049095607232
2016-05-20 00:00:00,7,2016-05-19 17:00:00,7,51.66666666666666,97.00624260036595,208.33333333333331,51.66666666666666,55.0,208.68001722652883
2016-05-20 01:00:00,7,2016-05-19 17:00:00,8,51.66666666666666,97.00624260036595,208.33333333333331,51.66666666666666,53.333333333333336,208.72954349698534
2016-05-20 02:00:00,7,2016-05-19 17:00:00,9,36.66666666666666,97.00624260036595,208.33333333333331,50.0,58.333333333333336,208.77906976744185
2016-05-20 03:00:00,7,2016-05-19 17:00:00,10,58.333333333333336,97.00624260036595,208.33333333333331,51.66666666666666,58.333333333333336,208.82859603789834
2016-05-20 04:00:00,7,2016-05-19 17:00:00,11,51.66666666666666,97.00624260036595,208.33333333333331,56.66666666666666,50.0,208.87812230835485
2016-05-20 05:00:00,7,2016-05-19 17:00:00,12,61.66666666666666,97.00624260036595,208.33333333333331,55.0,58.333333333333336,208.92764857881136
2016-05-20 06:00:00,7,2016-05-19 17:00:00,13,66.66666666666667,97.00624260036595,208.33333333333331,58.333333333333336,146.66666666666666,208.97717484926784
2016-05-20 07:00:00,7,2016-05-19 17:00:00,14,80.0,97.00624260036595,208.33333333333331,50.0,176.66666666666666,209.02670111972435
2016-05-20 08:00:00,7,2016-05-19 17:00:00,15,126.66666666666669,97.00624260036595,208.33333333333331,53.333333333333336,338.3333333333333,209.07622739018086
2016-05-20 09:00:00,7,2016-05-19 17:00:00,16,73.33333333333333,97.00624260036595,208.33333333333331,36.66666666666666,93.33333333333331,209.12575366063737
2016-05-20 10:00:00,7,2016-05-19 17:00:00,17,81.66666666666667,97.00624260036595,208.33333333333331,55.0,73.33333333333333,209.17527993109385
2016-05-20 11:00:00,7,2016-05-19 17:00:00,18,73.33333333333333,97.00624260036595,208.33333333333331,51.66666666666666,355.0,209.22480620155036
2016-05-20 12:00:00,7,2016-05-19 17:00:00,19,71.66666666666667,97.00624260036595,208.33333333333331,55.0,301.6666666666667,209.27433247200688
2016-05-20 13:00:00,7,2016-05-19 17:00:00,20,61.66666666666666,97.00624260036595,208.33333333333331,50.0,268.3333333333333,209.3238587424634
2016-05-20 14:00:00,7,2016-05-19 17:00:00,21,60.0,97.00624260036595,208.33333333333331,63.333333333333336,318.3333333333333,209.37338501291987
2016-05-20 15:00:00,7,2016-05-19 17:00:00,22,46.66666666666666,97.00624260036595,208.33333333333331,81.66666666666667,201.66666666666663,209.42291128337638
2016-05-20 16:00:00,7,2016-05-19 17:00:00,23,48.333333333333336,97.00624260036595,208.33333333333331,90.0,351.6666666666667,209.4724375538329
2016-05-20 17:00:00,7,2016-05-19 17:00:00,24,75.0,97.00624260036595,208.33333333333331,208.33333333333331,231.66666666666663,209.5219638242894
2016-05-20 18:00:00,8,2016-05-20 17:00:00,1,78.33333333333333,96.80070490227492,75.0,120.0,348.3333333333333,75.00641025641026
2016-05-20 19:00:00,8,2016-05-20 17:00:00,2,65.0,96.80070490227492,75.0,98.33333333333331,208.33333333333331,75.01282051282051
2016-05-20 20:00:00,8,2016-05-20 17:00:00,3,70.0,96.80070490227492,75.0,118.33333333333331,120.0,75.01923076923077
2016-05-20 21:00:00,8,2016-05-20 17:00:00,4,65.0,96.80070490227492,75.0,66.66666666666667,63.333333333333336,75.02564102564102
2016-05-20 22:00:00,8,2016-05-20 17:00:00,5,53.333333333333336,96.80070490227492,75.0,50.0,55.0,75.03205128205128
2016-05-20 23:00:00,8,2016-05-20 17:00:00,6,45.0,96.80070490227492,75.0,56.66666666666666,61.66666666666666,75.03846153846153
2016-05-21 00:00:00,8,2016-05-20 17:00:00,7,48.333333333333336,96.80070490227492,75.0,51.66666666666666,58.333333333333336,75.0448717948718
2016-05-21 01:00:00,8,2016-05-20 17:00:00,8,51.66666666666666,96.80070490227492,75.0,51.66666666666666,63.333333333333336,75.05128205128206
2016-05-21 02:00:00,8,2016-05-20 17:00:00,9,56.66666666666666,96.80070490227492,75.0,36.66666666666666,60.0,75.0576923076923
2016-05-21 03:00:00,8,2016-05-20 17:00:00,10,48.333333333333336,96.80070490227492,75.0,58.333333333333336,60.0,75.06410256410257
2016-05-21 04:00:00,8,2016-05-20 17:00:00,11,56.66666666666666,96.80070490227492,75.0,51.66666666666666,60.0,75.07051282051282
2016-05-21 05:00:00,8,2016-05-20 17:00:00,12,51.66666666666666,96.80070490227492,75.0,61.66666666666666,56.66666666666666,75.07692307692308
2016-05-21 06:00:00,8,2016-05-20 17:00:00,13,60.0,96.80070490227492,75.0,66.66666666666667,63.333333333333336,75.08333333333333
2016-05-21 07:00:00,8,2016-05-20 17:00:00,14,56.66666666666666,96.80070490227492,75.0,80.0,113.33333333333331,75.08974358974359
2016-05-21 08:00:00,8,2016-05-20 17:00:00,15,208.33333333333331,96.80070490227492,75.0,126.66666666666669,133.33333333333334,75.09615384615384
2016-05-21 09:00:00,8,2016-05-20 17:00:00,16,310.0,96.80070490227492,75.0,73.33333333333333,118.33333333333331,75.1025641025641
2016-05-21 10:00:00,8,2016-05-20 17:00:00,17,383.3333333333333,96.80070490227492,75.0,81.66666666666667,158.33333333333334,75.10897435897436
2016-05-21 11:00:00,8,2016-05-20 17:00:00,18,431.6666666666667,96.80070490227492,75.0,73.33333333333333,96.66666666666669,75.11538461538461
2016-05-21 12:00:00,8,2016-05-20 17:00:00,19,228.33333333333331,96.80070490227492,75.0,71.66666666666667,116.66666666666669,75.12179487179488
2016-05-21 13:00:00,8,2016-05-20 17:00:00,20,343.3333333333333,96.80070490227492,75.0,61.66666666666666,113.33333333333331,75.12820512820512
2016-05-21 14:00:00,8,2016-05-20 17:00:00,21,303.3333333333333,96.80070490227492,75.0,60.0,106.66666666666669,75.13461538461539
2016-05-21 15:00:00,8,2016-05-20 17:00:00,22,361.6666666666667,96.80070490227492,75.0,46.66666666666666,130.0,75.14102564102564
2016-05-21 16:00:00,8,2016-05-20 17:00:00,23,100.0,96.80070490227492,75.0,48.333333333333336,111.66666666666669,75.1474358974359
2016-05-21 17:00:00,8,2016-05-20 17:00:00,24,95.0,96.80070490227492,75.0,75.0,241.66666666666663,75.15384615384616
2016-05-21 18:00:00,9,2016-05-21 17:00:00,1,125.0,97.1976682564918,95.0,78.33333333333333,166.66666666666666,95.01272264631044
2016-05-21 19:00:00,9,2016-05-21 17:00:00,2,108.33333333333331,97.1976682564918,95.0,65.0,90.0,95.02544529262086
2016-05-21 20:00:00,9,2016-05-21 17:00:00,3,95.0,97.1976682564918,95.0,70.0,86.66666666666667,95.0381679389313
2016-05-21 21:00:00,9,2016-05-21 17:00:00,4,135.0,97.1976682564918,95.0,65.0,75.0,95.05089058524173
2016-05-21 22:00:00,9,2016-05-21 17:00:00,5,73.33333333333333,97.1976682564918,95.0,53.333333333333336,61.66666666666666,95.06361323155217
2016-05-21 23:00:00,9,2016-05-21 17:00:00,6,148.33333333333334,97.1976682564918,95.0,45.0,48.333333333333336,95.07633587786259
2016-05-22 00:00:00,9,2016-05-21 17:00:00,7,60.0,97.1976682564918,95.0,48.333333333333336,53.333333333333336,95.08905852417303
2016-05-22 01:00:00,9,2016-05-21 17:00:00,8,56.66666666666666,97.1976682564918,95.0,51.66666666666666,55.0,95.10178117048346
2016-05-22 02:00:00,9,2016-05-21 17:00:00,9,51.66666666666666,97.1976682564918,95.0,56.66666666666666,51.66666666666666,95.1145038167939
2016-05-22 03:00:00,9,2016-05-21 17:00:00,10,53.333333333333336,97.1976682564918,95.0,48.333333333333336,40.0,95.12722646310432
2016-05-22 04:00:00,9,2016-05-21 17:00:00,11,55.0,97.1976682564918,95.0,56.66666666666666,51.66666666666666,95.13994910941476
2016-05-22 05:00:00,9,2016-05-21 17:00:00,12,50.0,97.1976682564918,95.0,51.66666666666666,56.66666666666666,95.1526717557252
2016-05-22 06:00:00,9,2016-05-21 17:00:00,13,58.333333333333336,97.1976682564918,95.0,60.0,51.66666666666666,95.16539440203562
2016-05-22 07:00:00,9,2016-05-21 17:00:00,14,63.333333333333336,97.1976682564918,95.0,56.66666666666666,93.33333333333331,95.17811704834605
2016-05-22 08:00:00,9,2016-05-21 17:00:00,15,190.0,97.1976682564918,95.0,208.33333333333331,118.33333333333331,95.19083969465649
2016-05-22 09:00:00,9,2016-05-21 17:00:00,16,113.33333333333331,97.1976682564918,95.0,310.0,101.66666666666669,95.20356234096693
2016-05-22 10:00:00,9,2016-05-21 17:00:00,17,201.66666666666663,97.1976682564918,95.0,383.3333333333333,108.33333333333331,95.21628498727735
2016-05-22 11:00:00,9,2016-05-21 17:00:00,18,343.3333333333333,97.1976682564918,95.0,431.6666666666667,105.0,95.22900763358778
2016-05-22 12:00:00,9,2016-05-21 17:00:00,19,126.66666666666669,97.1976682564918,95.0,228.33333333333331,96.66666666666669,95.24173027989822
2016-05-22 13:00:00,9,2016-05-21 17:00:00,20,103.33333333333331,97.1976682564918,95.0,343.3333333333333,136.66666666666666,95.25445292620866
2016-05-22 14:00:00,9,2016-05-21 17:00:00,21,106.66666666666669,97.1976682564918,95.0,303.3333333333333,88.33333333333333,95.26717557251908
2016-05-22 15:00:00,9,2016-05-21 17:00:00,22,96.66666666666669,97.1976682564918,95.0,361.6666666666667,93.33333333333331,95.27989821882952
2016-05-22 16:00:00,9,2016-05-21 17:00:00,23,88.33333333333333,97.1976682564918,95.0,100.0,143.33333333333334,95.29262086513995
2016-05-22 17:00:00,9,2016-05-21 17:00:00,24,265.0,97.1976682564918,95.0,95.0,236.66666666666663,95.30534351145039
2016-05-22 18:00:00,10,2016-05-22 17:00:00,1,120.0,97.33512148942884,265.0,125.0,98.33333333333331,265.0662878787879
2016-05-22 19:00:00,10,2016-05-22 17:00:00,2,96.66666666666669,97.33512148942884,265.0,108.33333333333331,96.66666666666669,265.13257575757575
2016-05-22 20:00:00,10,2016-05-22 17:00:00,3,116.66666666666669,97.33512148942884,265.0,95.0,246.66666666666663,265.1988636363636
2016-05-22 21:00:00,10,2016-05-22 17:00:00,4,88.33333333333333,97.33512148942884,265.0,135.0,203.33333333333331,265.2651515151515
2016-05-22 22:00:00,10,2016-05-22 17:00:00,5,78.33333333333333,97.33512148942884,265.0,73.33333333333333,86.66666666666667,265.3314393939394
2016-05-22 23:00:00,10,2016-05-22 17:00:00,6,60.0,97.33512148942884,265.0,148.33333333333334,83.33333333333333,265.39772727272725
2016-05-23 00:00:00,10,2016-05-22 17:00:00,7,58.333333333333336,97.33512148942884,265.0,60.0,61.66666666666666,265.4640151515151
2016-05-23 01:00:00,10,2016-05-22 17:00:00,8,51.66666666666666,97.33512148942884,265.0,56.66666666666666,53.333333333333336,265.530303030303
2016-05-23 02:00:00,10,2016-05-22 17:00:00,9,58.333333333333336,97.33512148942884,265.0,51.66666666666666,56.66666666666666,265.59659090909093
2016-05-23 03:00:00,10,2016-05-22 17:00:00,10,51.66666666666666,97.33512148942884,265.0,53.333333333333336,53.333333333333336,265.6628787878788
2016-05-23 04:00:00,10,2016-05-22 17:00:00,11,50.0,97.33512148942884,265.0,55.0,55.0,265.7291666666667
2016-05-23 05:00:00,10,2016-05-22 17:00:00,12,66.66666666666667,97.33512148942884,265.0,50.0,51.66666666666666,265.79545454545456
2016-05-23 06:00:00,10,2016-05-22 17:00:00,13,60.0,97.33512148942884,265.0,58.333333333333336,53.333333333333336,265.86174242424244
2016-05-23 07:00:00,10,2016-05-22 17:00:00,14,56.66666666666666,97.33512148942884,265.0,63.333333333333336,61.66666666666666,265.9280303030303
2016-05-23 08:00:00,10,2016-05-22 17:00:00,15,51.66666666666666,97.33512148942884,265.0,190.0,88.33333333333333,265.9943181818182
2016-05-23 09:00:00,10,2016-05-22 17:00:00,16,55.0,97.33512148942884,265.0,113.33333333333331,70.0,266.06060606060606
2016-05-23 10:00:00,10,2016-05-22 17:00:00,17,51.66666666666666,97.33512148942884,265.0,201.66666666666663,148.33333333333334,266.12689393939394
2016-05-23 11:00:00,10,2016-05-22 17:00:00,18,56.66666666666666,97.33512148942884,265.0,343.3333333333333,103.33333333333331,266.1931818181818
2016-05-23 12:00:00,10,2016-05-22 17:00:00,19,61.66666666666666,97.33512148942884,265.0,126.66666666666669,206.66666666666663,266.2594696969697
2016-05-23 13:00:00,10,2016-05-22 17:00:00,20,56.66666666666666,97.33512148942884,265.0,103.33333333333331,266.6666666666667,266.32575757575756
2016-05-23 14:00:00,10,2016-05-22 17:00:00,21,58.333333333333336,97.33512148942884,265.0,106.66666666666669,88.33333333333333,266.39204545454544
2016-05-23 15:00:00,10,2016-05-22 17:00:00,22,73.33333333333333,97.33512148942884,265.0,96.66666666666669,111.66666666666669,266.4583333333333
2016-05-23 16:00:00,10,2016-05-22 17:00:00,23,156.66666666666666,97.33512148942884,265.0,88.33333333333333,88.33333333333333,266.5246212121212
2016-05-23 17:00:00,10,2016-05-22 17:00:00,24,380.0,97.33512148942884,265.0,265.0,243.33333333333331,266.59090909090907
2016-05-23 18:00:00,11,2016-05-23 17:00:00,1,123.33333333333331,97.23457563419981,380.0,120.0,155.0,380.1018170426065
2016-05-23 19:00:00,11,2016-05-23 17:00:00,2,120.0,97.23457563419981,380.0,96.66666666666669,115.0,380.203634085213
2016-05-23 20:00:00,11,2016-05-23 17:00:00,3,105.0,97.23457563419981,380.0,116.66666666666669,96.66666666666669,380.30545112781954
2016-05-23 21:00:00,11,2016-05-23 17:00:00,4,68.33333333333333,97.23457563419981,380.0,88.33333333333333,68.33333333333333,380.40726817042605
2016-05-23 22:00:00,11,2016-05-23 17:00:00,5,63.333333333333336,97.23457563419981,380.0,78.33333333333333,46.66666666666666,380.50908521303256
2016-05-23 23:00:00,11,2016-05-23 17:00:00,6,58.333333333333336,97.23457563419981,380.0,60.0,60.0,380.6109022556391
2016-05-24 00:00:00,11,2016-05-23 17:00:00,7,50.0,97.23457563419981,380.0,58.333333333333336,50.0,380.7127192982456
2016-05-24 01:00:00,11,2016-05-23 17:00:00,8,56.66666666666666,97.23457563419981,380.0,51.66666666666666,55.0,380.81453634085216
2016-05-24 02:00:00,11,2016-05-23 17:00:00,9,55.0,97.23457563419981,380.0,58.333333333333336,51.66666666666666,380.91635338345867
2016-05-24 03:00:00,11,2016-05-23 17:00:00,10,53.333333333333336,97.23457563419981,380.0,51.66666666666666,53.333333333333336,381.0181704260652
2016-05-24 04:00:00,11,2016-05-23 17:00:00,11,53.333333333333336,97.23457563419981,380.0,50.0,53.333333333333336,381.1199874686717
2016-05-24 05:00:00,11,2016-05-23 17:00:00,12,106.66666666666669,97.23457563419981,380.0,66.66666666666667,58.333333333333336,381.2218045112782
2016-05-24 06:00:00,11,2016-05-23 17:00:00,13,71.66666666666667,97.23457563419981,380.0,60.0,56.66666666666666,381.3236215538847
2016-05-24 07:00:00,11,2016-05-23 17:00:00,14,161.66666666666666,97.23457563419981,380.0,56.66666666666666,65.0,381.42543859649123
2016-05-24 08:00:00,11,2016-05-23 17:00:00,15,56.66666666666666,97.23457563419981,380.0,51.66666666666666,56.66666666666666,381.52725563909775
2016-05-24 09:00:00,11,2016-05-23 17:00:00,16,38.333333333333336,97.23457563419981,380.0,55.0,51.66666666666666,381.62907268170426
2016-05-24 10:00:00,11,2016-05-23 17:00:00,17,66.66666666666667,97.23457563419981,380.0,51.66666666666666,53.333333333333336,381.73088972431077
2016-05-24 11:00:00,11,2016-05-23 17:00:00,18,101.66666666666669,97.23457563419981,380.0,56.66666666666666,51.66666666666666,381.8327067669173
2016-05-24 12:00:00,11,2016-05-23 17:00:00,19,128.33333333333334,97.23457563419981,380.0,61.66666666666666,53.333333333333336,381.9345238095238
2016-05-24 13:00:00,11,2016-05-23 17:00:00,20,118.33333333333331,97.23457563419981,380.0,56.66666666666666,41.66666666666666,382.0363408521303
2016-05-24 14:00:00,11,2016-05-23 17:00:00,21,150.0,97.23457563419981,380.0,58.333333333333336,53.333333333333336,382.1381578947368
2016-05-24 15:00:00,11,2016-05-23 17:00:00,22,141.66666666666666,97.23457563419981,380.0,73.33333333333333,51.66666666666666,382.23997493734333
2016-05-24 16:00:00,11,2016-05-23 17:00:00,23,141.66666666666666,97.23457563419981,380.0,156.66666666666666,66.66666666666667,382.3417919799499
2016-05-24 17:00:00,11,2016-05-23 17:00:00,24,203.33333333333331,97.23457563419981,380.0,380.0,153.33333333333334,382.4436090225564
2016-05-24 18:00:00,12,2016-05-24 17:00:00,1,136.66666666666666,97.22204952854626,203.33333333333331,123.33333333333331,100.0,203.37945688225537
2016-05-24 19:00:00,12,2016-05-24 17:00:00,2,123.33333333333331,97.22204952854626,203.33333333333331,120.0,123.33333333333331,203.42558043117742
2016-05-24 20:00:00,12,2016-05-24 17:00:00,3,96.66666666666669,97.22204952854626,203.33333333333331,105.0,118.33333333333331,203.47170398009948
2016-05-24 21:00:00,12,2016-05-24 17:00:00,4,76.66666666666667,97.22204952854626,203.33333333333331,68.33333333333333,65.0,203.51782752902153
2016-05-24 22:00:00,12,2016-05-24 17:00:00,5,61.66666666666666,97.22204952854626,203.33333333333331,63.333333333333336,46.66666666666666,203.56395107794359
2016-05-24 23:00:00,12,2016-05-24 17:00:00,6,58.333333333333336,97.22204952854626,203.33333333333331,58.333333333333336,55.0,203.61007462686564
2016-05-25 00:00:00,12,2016-05-24 17:00:00,7,53.333333333333336,97.22204952854626,203.33333333333331,50.0,51.66666666666666,203.65619817578772
2016-05-25 01:00:00,12,2016-05-24 17:00:00,8,53.333333333333336,97.22204952854626,203.33333333333331,56.66666666666666,53.333333333333336,203.70232172470978
2016-05-25 02:00:00,12,2016-05-24 17:00:00,9,56.66666666666666,97.22204952854626,203.33333333333331,55.0,55.0,203.74844527363183
2016-05-25 03:00:00,12,2016-05-24 17:00:00,10,48.333333333333336,97.22204952854626,203.33333333333331,53.333333333333336,51.66666666666666,203.79456882255388
2016-05-25 04:00:00,12,2016-05-24 17:00:00,11,55.0,97.22204952854626,203.33333333333331,53.333333333333336,51.66666666666666,203.84069237147594
2016-05-25 05:00:00,12,2016-05-24 17:00:00,12,55.0,97.22204952854626,203.33333333333331,106.66666666666669,65.0,203.886815920398
2016-05-25 06:00:00,12,2016-05-24 17:00:00,13,55.0,97.22204952854626,203.33333333333331,71.66666666666667,70.0,203.93293946932005
2016-05-25 07:00:00,12,2016-05-24 17:00:00,14,65.0,97.22204952854626,203.33333333333331,161.66666666666666,53.333333333333336,203.9790630182421
2016-05-25 08:00:00,12,2016-05-24 17:00:00,15,83.33333333333333,97.22204952854626,203.33333333333331,56.66666666666666,61.66666666666666,204.02518656716416
2016-05-25 09:00:00,12,2016-05-24 17:00:00,16,90.0,97.22204952854626,203.33333333333331,38.333333333333336,65.0,204.0713101160862
2016-05-25 10:00:00,12,2016-05-24 17:00:00,17,78.33333333333333,97.22204952854626,203.33333333333331,66.66666666666667,58.333333333333336,204.11743366500826
2016-05-25 11:00:00,12,2016-05-24 17:00:00,18,50.0,97.22204952854626,203.33333333333331,101.66666666666669,70.0,204.16355721393032
2016-05-25 12:00:00,12,2016-05-24 17:00:00,19,60.0,97.22204952854626,203.33333333333331,128.33333333333334,56.66666666666666,204.20968076285237
2016-05-25 13:00:00,12,2016-05-24 17:00:00,20,71.66666666666667,97.22204952854626,203.33333333333331,118.33333333333331,86.66666666666667,204.25580431177445
2016-05-25 14:00:00,12,2016-05-24 17:00:00,21,80.0,97.22204952854626,203.33333333333331,150.0,81.66666666666667,204.3019278606965
2016-05-25 15:00:00,12,2016-05-24 17:00:00,22,80.0,97.22204952854626,203.33333333333331,141.66666666666666,83.33333333333333,204.34805140961856
2016-05-25 16:00:00,12,2016-05-24 17:00:00,23,231.66666666666663,97.22204952854626,203.33333333333331,141.66666666666666,105.0,204.39417495854062
2016-05-25 17:00:00,12,2016-05-24 17:00:00,24,118.33333333333331,97.22204952854626,203.33333333333331,203.33333333333331,118.33333333333331,204.44029850746267
2016-05-25 18:00:00,13,2016-05-25 17:00:00,1,156.66666666666666,97.10017484315539,118.33333333333331,136.66666666666666,178.33333333333334,118.35288065843619
2016-05-25 19:00:00,13,2016-05-25 17:00:00,2,118.33333333333331,97.10017484315539,118.33333333333331,123.33333333333331,143.33333333333334,118.37242798353907
2016-05-25 20:00:00,13,2016-05-25 17:00:00,3,190.0,97.10017484315539,118.33333333333331,96.66666666666669,223.33333333333331,118.39197530864196
2016-05-25 21:00:00,13,2016-05-25 17:00:00,4,56.66666666666666,97.10017484315539,118.33333333333331,76.66666666666667,81.66666666666667,118.41152263374484
2016-05-25 22:00:00,13,2016-05-25 17:00:00,5,53.333333333333336,97.10017484315539,118.33333333333331,61.66666666666666,51.66666666666666,118.43106995884771
2016-05-25 23:00:00,13,2016-05-25 17:00:00,6,53.333333333333336,97.10017484315539,118.33333333333331,58.333333333333336,56.66666666666666,118.45061728395059
2016-05-26 00:00:00,13,2016-05-25 17:00:00,7,53.333333333333336,97.10017484315539,118.33333333333331,53.333333333333336,51.66666666666666,118.47016460905348
2016-05-26 01:00:00,13,2016-05-25 17:00:00,8,55.0,97.10017484315539,118.33333333333331,53.333333333333336,51.66666666666666,118.48971193415636
2016-05-26 02:00:00,13,2016-05-25 17:00:00,9,50.0,97.10017484315539,118.33333333333331,56.66666666666666,50.0,118.50925925925924
2016-05-26 03:00:00,13,2016-05-25 17:00:00,10,56.66666666666666,97.10017484315539,118.33333333333331,48.333333333333336,51.66666666666666,118.52880658436212
2016-05-26 04:00:00,13,2016-05-25 17:00:00,11,50.0,97.10017484315539,118.33333333333331,55.0,56.66666666666666,118.548353909465
2016-05-26 05:00:00,13,2016-05-25 17:00:00,12,56.66666666666666,97.10017484315539,118.33333333333331,55.0,55.0,118.56790123456788
2016-05-26 06:00:00,13,2016-05-25 17:00:00,13,61.66666666666666,97.10017484315539,118.33333333333331,55.0,58.333333333333336,118.58744855967076
2016-05-26 07:00:00,13,2016-05-25 17:00:00,14,100.0,97.10017484315539,118.33333333333331,65.0,50.0,118.60699588477364
2016-05-26 08:00:00,13,2016-05-25 17:00:00,15,156.66666666666666,97.10017484315539,118.33333333333331,83.33333333333333,53.333333333333336,118.62654320987653
2016-05-26 09:00:00,13,2016-05-25 17:00:00,16,276.6666666666667,97.10017484315539,118.33333333333331,90.0,36.66666666666666,118.64609053497941
2016-05-26 10:00:00,13,2016-05-25 17:00:00,17,265.0,97.10017484315539,118.33333333333331,78.33333333333333,55.0,118.66563786008228
2016-05-26 11:00:00,13,2016-05-25 17:00:00,18,243.33333333333331,97.10017484315539,118.33333333333331,50.0,51.66666666666666,118.68518518518516
2016-05-26 12:00:00,13,2016-05-25 17:00:00,19,221.66666666666663,97.10017484315539,118.33333333333331,60.0,55.0,118.70473251028805
2016-05-26 13:00:00,13,2016-05-25 17:00:00,20,75.0,97.10017484315539,118.33333333333331,71.66666666666667,50.0,118.72427983539093
2016-05-26 14:00:00,13,2016-05-25 17:00:00,21,68.33333333333333,97.10017484315539,118.33333333333331,80.0,63.333333333333336,118.74382716049381
2016-05-26 15:00:00,13,2016-05-25 17:00:00,22,61.66666666666666,97.10017484315539,118.33333333333331,80.0,81.66666666666667,118.76337448559669
2016-05-26 16:00:00,13,2016-05-25 17:00:00,23,495.0,97.10017484315539,118.33333333333331,231.66666666666663,90.0,118.78292181069956
2016-05-26 17:00:00,13,2016-05-25 17:00:00,24,440.0,97.10017484315539,118.33333333333331,118.33333333333331,208.33333333333331,118.80246913580245
2016-05-26 18:00:00,14,2016-05-26 17:00:00,1,215.0,97.43236345074016,440.0,156.66666666666666,120.0,440.11795343137254
2016-05-26 19:00:00,14,2016-05-26 17:00:00,2,223.33333333333331,97.43236345074016,440.0,118.33333333333331,98.33333333333331,440.2359068627451
2016-05-26 20:00:00,14,2016-05-26 17:00:00,3,91.66666666666669,97.43236345074016,440.0,190.0,118.33333333333331,440.3538602941176
2016-05-26 21:00:00,14,2016-05-26 17:00:00,4,76.66666666666667,97.43236345074016,440.0,56.66666666666666,66.66666666666667,440.4718137254902
2016-05-26 22:00:00,14,2016-05-26 17:00:00,5,70.0,97.43236345074016,440.0,53.333333333333336,50.0,440.58976715686276
2016-05-26 23:00:00,14,2016-05-26 17:00:00,6,65.0,97.43236345074016,440.0,53.333333333333336,56.66666666666666,440.7077205882353
2016-05-27 00:00:00,14,2016-05-26 17:00:00,7,60.0,97.43236345074016,440.0,53.333333333333336,51.66666666666666,440.82567401960785
2016-05-27 01:00:00,14,2016-05-26 17:00:00,8,58.333333333333336,97.43236345074016,440.0,55.0,51.66666666666666,440.9436274509804
2016-05-27 02:00:00,14,2016-05-26 17:00:00,9,50.0,97.43236345074016,440.0,50.0,36.66666666666666,441.0615808823529
2016-05-27 03:00:00,14,2016-05-26 17:00:00,10,58.333333333333336,97.43236345074016,440.0,56.66666666666666,58.333333333333336,441.17953431372547
2016-05-27 04:00:00,14,2016-05-26 17:00:00,11,58.333333333333336,97.43236345074016,440.0,50.0,51.66666666666666,441.29748774509807
2016-05-27 05:00:00,14,2016-05-26 17:00:00,12,58.333333333333336,97.43236345074016,440.0,56.66666666666666,61.66666666666666,441.4154411764706
2016-05-27 06:00:00,14,2016-05-26 17:00:00,13,63.333333333333336,97.43236345074016,440.0,61.66666666666666,66.66666666666667,441.53339460784315
2016-05-27 07:00:00,14,2016-05-26 17:00:00,14,111.66666666666669,97.43236345074016,440.0,100.0,80.0,441.6513480392157
2016-05-27 08:00:00,14,2016-05-26 17:00:00,15,130.0,97.43236345074016,440.0,156.66666666666666,126.66666666666669,441.76930147058823
2016-05-27 09:00:00,14,2016-05-26 17:00:00,16,251.66666666666663,97.43236345074016,440.0,276.6666666666667,73.33333333333333,441.8872549019608
2016-05-27 10:00:00,14,2016-05-26 17:00:00,17,251.66666666666663,97.43236345074016,440.0,265.0,81.66666666666667,442.0052083333333
2016-05-27 11:00:00,14,2016-05-26 17:00:00,18,310.0,97.43236345074016,440.0,243.33333333333331,73.33333333333333,442.12316176470586
2016-05-27 12:00:00,14,2016-05-26 17:00:00,19,185.0,97.43236345074016,440.0,221.66666666666663,71.66666666666667,442.24111519607845
2016-05-27 13:00:00,14,2016-05-26 17:00:00,20,265.0,97.43236345074016,440.0,75.0,61.66666666666666,442.359068627451
2016-05-27 14:00:00,14,2016-05-26 17:00:00,21,101.66666666666669,97.43236345074016,440.0,68.33333333333333,60.0,442.47702205882354
2016-05-27 15:00:00,14,2016-05-26 17:00:00,22,76.66666666666667,97.43236345074016,440.0,61.66666666666666,46.66666666666666,442.5949754901961
2016-05-27 16:00:00,14,2016-05-26 17:00:00,23,135.0,97.43236345074016,440.0,495.0,48.333333333333336,442.7129289215686
2016-05-27 17:00:00,14,2016-05-26 17:00:00,24,180.0,97.43236345074016,440.0,440.0,75.0,442.83088235294116
