date,actual,feature_restricted_24,feature_direct,feature_recursive,feature_cov_lagged,feature_cov_realised,DIAGNOSTIC_1step_ahead,window,step
2016-05-13 18:00:00,348.3333333333333,206.60410510574985,275.84815090544333,275.84815090544333,186.97071190239282,198.88963148115582,275.84815090544333,1,1
2016-05-13 19:00:00,208.33333333333331,178.98315267829614,147.02514549580388,212.613550801795,169.10502882513393,141.66688216580255,182.17771851996798,1,2
2016-05-13 20:00:00,120.0,173.48307146543024,127.52094536812797,159.64129367958796,172.21700956452793,171.00573914545322,171.8596346590432,1,3
2016-05-13 21:00:00,63.333333333333336,77.2094024815716,82.76896696840763,118.58410527253933,72.83544487433538,84.44746464878014,127.30026346392397,1,4
2016-05-13 22:00:00,55.0,67.24112538998494,47.94219540385999,91.02881153425841,58.18520728847806,61.30134482786324,68.57020613734394,1,5
2016-05-13 23:00:00,61.66666666666666,64.70118858126708,47.16852874300456,64.94537481913365,62.54522510907709,57.52151010390415,54.54546331468802,1,6
2016-05-14 00:00:00,58.333333333333336,52.268290845113874,49.00276272950934,54.43760634065182,55.52580381402529,62.23051764839228,51.58337518529365,1,7
2016-05-14 01:00:00,63.333333333333336,56.49499515699178,48.74794528127784,49.285948529563676,53.08156272653312,56.99774396144842,49.52758816673393,1,8
2016-05-14 02:00:00,60.0,56.246139193488965,49.17320228811025,51.840636419526724,51.49634428152188,47.51483560350227,58.237870970100474,1,9
2016-05-14 03:00:00,60.0,58.320998885168585,45.5986280368057,49.91982404528463,61.637325468341665,70.30556496239161,58.24452023297604,1,10
2016-05-14 04:00:00,60.0,58.25211592685795,48.99535542671922,50.75539375319157,62.245646932367386,72.2395499499401,61.823093495887974,1,11
2016-05-14 05:00:00,56.66666666666666,58.301436551295055,44.715662053641616,52.54940698063418,62.76666402081525,77.98988028900668,60.54555166747028,1,12
2016-05-14 06:00:00,63.333333333333336,122.82705782027577,78.45149280632512,78.96877904270254,119.55735139976737,130.56516235186717,78.42122005498136,1,13
2016-05-14 07:00:00,113.33333333333331,160.0497923628687,123.45687065879251,131.91679286722595,182.2886722818968,176.89347149643822,126.2372482303075,1,14
2016-05-14 08:00:00,133.33333333333334,152.47143318201114,132.7097334161056,127.37115071497654,153.52524848555265,156.46145508605764,126.09090444346101,1,15
2016-05-14 09:00:00,118.33333333333331,191.69225666727363,169.05965436610668,161.34194670274624,209.3678220074618,195.63294129881078,157.18520351229543,1,16
2016-05-14 10:00:00,158.33333333333334,215.35248288679333,203.2892523782607,146.1693879022521,217.23718851516463,195.89994903351814,130.42745305687015,1,17
2016-05-14 11:00:00,96.66666666666669,182.12299231644855,185.70842904522604,103.14583016127968,188.76280473653972,151.28970903956755,128.50114297612913,1,18
2016-05-14 12:00:00,116.66666666666669,197.95103325971306,234.50988866312926,140.08420768610443,185.424855968783,140.9837353641228,137.51877969582011,1,19
2016-05-14 13:00:00,113.33333333333331,143.50824139722383,202.35307897338689,137.94151415249223,175.55923648130488,111.87742080862724,133.13217604488224,1,20
2016-05-14 14:00:00,106.66666666666669,141.50756523027528,151.12144024656993,128.194363090808,138.5930132188721,101.12231159661637,136.457971811634,1,21
2016-05-14 15:00:00,130.0,159.7128200101261,152.20969012087207,116.18431457648586,147.80205479893525,91.18742205594289,121.18424614948442,1,22
2016-05-14 16:00:00,111.66666666666669,110.51110528220414,126.83536289935462,126.86044258178639,113.15998544132918,82.16029623818594,146.32839881960322,1,23
2016-05-14 17:00:00,241.66666666666663,172.0627343463059,172.0627343463059,171.53777552899547,147.5809710186825,129.30574549265083,166.78029448862938,1,24
2016-05-14 18:00:00,166.66666666666666,193.33993828638125,181.01411003399136,181.01411003399136,185.63287959372002,156.6245624763722,181.01411003399136,2,1
2016-05-14 19:00:00,90.0,153.70931857335404,132.4307346523586,170.66777130581002,174.78491142637665,121.13224334059112,178.10732277283032,2,2
2016-05-14 20:00:00,86.66666666666667,145.47007787545297,105.97717745080061,118.66056751582201,129.81705175479638,110.05896845584026,102.55113454356342,2,3
2016-05-14 21:00:00,75.0,110.67669923469299,67.7505538978562,69.27324955679849,90.0312991369178,56.552620438016774,67.19728929401049,2,4
2016-05-14 22:00:00,61.66666666666666,94.11482331587632,53.02889176819999,61.289880662224974,84.31171933631916,67.11619789742005,57.87001193512417,2,5
2016-05-14 23:00:00,48.333333333333336,82.8415257694078,51.806769796444186,54.00008836405948,74.63082386949398,73.11953677569821,52.63051667220061,2,6
2016-05-15 00:00:00,53.333333333333336,55.711730098770985,45.76265772232975,49.64219583685023,58.1812192710515,69.39107623516828,49.60477702507535,2,7
2016-05-15 01:00:00,55.0,56.60727792954835,50.9236130940784,50.10551239479705,89.45572768191445,56.8669489734324,49.29119674884022,2,8
2016-05-15 02:00:00,51.66666666666666,59.93664636486969,47.026961446141584,50.41170759225026,63.181242446492035,59.42345572746991,50.00241566207753,2,9
2016-05-15 03:00:00,40.0,59.409293475965825,47.83993341592542,50.338622521341115,57.004471713495796,58.22471184996245,49.94704275452782,2,10
2016-05-15 04:00:00,51.66666666666666,57.87881802335765,52.96194930568456,50.461469413710674,62.24901839805116,57.736109535906024,49.350881366348005,2,11
2016-05-15 05:00:00,56.66666666666666,60.533050840286755,53.3104448384771,56.34445619728284,64.50262800779844,61.690169937689504,50.642801162318534,2,12
2016-05-15 06:00:00,51.66666666666666,77.10856445715062,70.26227471688854,84.70179109494315,87.3547739956513,99.07805934870065,74.3449105285364,2,13
2016-05-15 07:00:00,93.33333333333331,109.23675029202333,98.49990221479321,127.4526792041748,95.47250905634624,110.90028239915502,74.26062245773949,2,14
2016-05-15 08:00:00,118.33333333333331,134.6804220697492,162.0891306619864,177.36868639115272,121.54226107558503,119.86809088219184,168.80666257055938,2,15
2016-05-15 09:00:00,101.66666666666669,133.6700914288227,114.21254766055331,152.02012321275598,109.96167455101838,149.39729523058602,140.96434130861977,2,16
2016-05-15 10:00:00,108.33333333333331,148.19457632791105,130.62884663851736,152.449699901444,110.24961195857053,143.59478404864728,134.4668483612134,2,17
2016-05-15 11:00:00,105.0,130.41565438193982,132.78241978460457,121.8212413350812,143.0335499573514,114.36707300021608,115.71635156329148,2,18
2016-05-15 12:00:00,96.66666666666669,87.01642740667644,139.71073802702878,118.6661119746892,84.8062817405488,94.84440960794049,105.05962807735104,2,19
2016-05-15 13:00:00,136.66666666666666,70.35428542256392,134.4918091293551,113.62581935658173,72.65794016180101,67.14110003826464,100.62897160437052,2,20
2016-05-15 14:00:00,88.33333333333333,76.82347942183979,104.39892815247863,105.68750519808033,70.07695092945097,101.17112485704577,118.33693962506129,2,21
2016-05-15 15:00:00,93.33333333333331,83.25897343869765,113.958494230973,103.14649751983252,72.35808450239092,79.13355061857024,121.10910795116077,2,22
2016-05-15 16:00:00,143.33333333333334,115.27704735886864,138.72040157557515,120.65337155712992,88.54638607965515,126.64241685293554,122.01003661790034,2,23
2016-05-15 17:00:00,236.66666666666663,128.41535009200211,128.41535009200211,171.2865361458565,136.22549327279893,188.97916772838653,179.79445005980648,2,24
2016-05-15 18:00:00,98.33333333333331,193.9364535357716,236.67187537340948,236.67187537340948,156.03278376891703,200.54809786827724,236.67187537340948,3,1
2016-05-15 19:00:00,96.66666666666669,99.375852513887,94.03697356375626,141.36958625831178,105.15197175411745,108.44314737023485,138.65448953834,3,2
2016-05-15 20:00:00,246.66666666666663,99.56012809497173,105.07223182556969,105.60919019506852,71.13211918188408,111.69644306647315,86.13530145067637,3,3
2016-05-15 21:00:00,203.33333333333331,86.17488759871874,77.70406138517427,84.70628531699487,83.10015379052227,105.42060459515403,116.21865517961989,3,4
2016-05-15 22:00:00,86.66666666666667,51.38664737981729,49.80042098677779,57.196625920089495,50.23794426177882,63.27438620333922,115.3452579962879,3,5
2016-05-15 23:00:00,83.33333333333333,49.64005354090168,58.796459743854626,51.92576096250872,50.38651560306079,61.06101394618776,74.53537503582393,3,6
2016-05-16 00:00:00,61.66666666666666,53.7098698482697,48.02993824527218,50.414930186475765,46.6239840867682,58.13876267395277,67.54310403236339,3,7
2016-05-16 01:00:00,53.333333333333336,61.7788026915381,59.06126272321846,52.72799898516054,58.19583498348776,63.11324506999649,53.59597454508063,3,8
2016-05-16 02:00:00,56.66666666666666,57.70013277894305,55.986689344058206,52.810674289431475,47.462206479344566,64.07498302316617,54.60445621743792,3,9
2016-05-16 03:00:00,53.333333333333336,53.87213606242519,48.19148647162658,54.851717654067315,40.688529551592694,58.430733731018286,55.26943890203896,3,10
2016-05-16 04:00:00,55.0,54.66792844666307,47.8198497317897,56.11344395525877,40.30780966618328,59.5647069278433,51.8314473015012,3,11
2016-05-16 05:00:00,51.66666666666666,53.7146892580544,62.78992393095166,66.49944301744002,61.52861395927656,65.76683452120626,62.773634675478824,3,12
2016-05-16 06:00:00,53.333333333333336,92.63566301604017,70.55780109685372,81.84398286744347,83.03744653312926,103.88600449371198,61.42844496263421,3,13
2016-05-16 07:00:00,61.66666666666666,83.8191368996481,71.51811418841564,120.12778899352011,75.71433292517789,122.52004349676096,90.71721851073627,3,14
2016-05-16 08:00:00,88.33333333333333,92.64922806756351,87.45328286298975,107.28530069639346,76.62788448950253,137.92945224079952,100.50218320411814,3,15
2016-05-16 09:00:00,70.0,109.81627782438696,74.38893347255373,135.51210269954763,99.24051097569132,152.35872723191915,104.61502303962476,3,16
2016-05-16 10:00:00,148.33333333333334,105.50540093203591,80.99122869176367,102.93840635291423,82.86614655201382,174.54368893014237,102.28168636214163,3,17
2016-05-16 11:00:00,103.33333333333331,124.10367129230225,98.50884577643583,132.16005850678158,85.60106824517005,152.65061238140777,118.3830286268862,3,18
2016-05-16 12:00:00,206.66666666666663,120.83485736231997,162.03664707127484,103.76297886651305,82.83269952678575,165.35691465746643,145.12780392999332,3,19
2016-05-16 13:00:00,266.6666666666667,147.21856612012076,131.61975472832606,120.20970547593787,119.54374720839871,150.6413403692813,116.64474141875971,3,20
2016-05-16 14:00:00,88.33333333333333,130.61043384005177,92.0818933360465,109.25753277127323,85.62629764267955,109.64756617621936,183.56730674683178,3,21
2016-05-16 15:00:00,111.66666666666669,118.53128052939064,89.01477655575324,110.44903224712007,82.93732367436345,105.3838148245844,138.57281742219385,3,22
2016-05-16 16:00:00,88.33333333333333,137.27942426027445,114.09504017097909,130.58260229671825,98.34059727886067,175.69034425687477,127.3470118961953,3,23
2016-05-16 17:00:00,243.33333333333331,175.68490641168793,175.68490641168793,234.08563790193745,185.9335598444831,145.80925667662666,146.7444206140478,3,24
2016-05-16 18:00:00,155.0,150.94587745119307,167.55539051721473,167.55539051721473,151.38111179195607,151.7508193430487,167.55539051721473,4,1
2016-05-16 19:00:00,115.0,102.37324732199208,113.57172102432229,133.64345199006212,112.44841874215695,108.87372073647916,114.87590902831226,4,2
2016-05-16 20:00:00,96.66666666666669,106.41722286855573,103.17215064319402,131.66129112692352,109.07041970462363,146.7368987526524,129.52870696969092,4,3
2016-05-16 21:00:00,68.33333333333333,80.73455355441043,76.95880769776836,87.55633908599214,86.12087635309709,114.19905212345849,80.13000556120512,4,4
2016-05-16 22:00:00,46.66666666666666,61.25742889089628,64.39775484249824,81.55877765876309,63.67269892086535,96.50680848040763,86.15689175304475,4,5
2016-05-16 23:00:00,60.0,71.01081975384793,69.78413089930504,74.10986689026421,61.16298193138021,88.49281095491611,58.85411244597033,4,6
2016-05-17 00:00:00,50.0,51.78984198234607,45.15006022938872,58.57120462068593,45.421473403892776,61.01560673272712,52.7192928699,4,7
2016-05-17 01:00:00,55.0,53.85855388569888,50.18581283712449,50.94204025240474,47.83410995895041,59.795218377024376,51.008874080534035,4,8
2016-05-17 02:00:00,51.66666666666666,51.59945395877188,48.47728328605491,50.62579042751043,70.46903442288901,64.34679553285511,50.83583622176985,4,9
2016-05-17 03:00:00,53.333333333333336,50.387003190035806,52.91908503835622,50.40201248452837,62.162914055905105,65.98454567243725,50.72326801658715,4,10
2016-05-17 04:00:00,53.333333333333336,49.33878315296871,52.7270282841051,50.364868206802385,80.76986449019812,64.70345020670989,50.99048112431944,4,11
2016-05-17 05:00:00,58.333333333333336,56.22426735233276,69.02235858192964,59.834675857724534,94.17617614070396,62.978842045330715,59.6972455966079,4,12
2016-05-17 06:00:00,56.66666666666666,57.27227035907015,57.65305939015847,68.38878876306596,64.05710880079755,116.90227791796023,78.77293936680067,4,13
2016-05-17 07:00:00,65.0,51.28346201633477,63.92051525533154,89.51280306876617,49.127713656283234,144.15147077218603,81.96203269808275,4,14
2016-05-17 08:00:00,56.66666666666666,54.55996660175233,72.06933074371531,92.51362311701632,48.60879783198715,120.78123465901443,89.90530526140522,4,15
2016-05-17 09:00:00,51.66666666666666,58.17875706408373,60.974982200254104,82.78688250467978,56.5945051170845,126.37584754894708,63.69808003705502,4,16
2016-05-17 10:00:00,53.333333333333336,83.61259053674559,103.57755951155809,93.98853116512963,78.64796976501025,128.4063151949366,62.35536948708083,4,17
2016-05-17 11:00:00,51.66666666666666,105.57590856650914,97.5502320246909,83.77374222926186,53.2079330138626,107.27678323621582,63.67073399722576,4,18
2016-05-17 12:00:00,53.333333333333336,103.06273386805128,143.6402998456692,88.75061037540998,58.371815392461485,94.56806572882779,58.573359373299496,4,19
2016-05-17 13:00:00,41.66666666666666,118.99596582402378,123.8964243192194,89.33874480949379,59.66938260003972,98.87102616183577,65.63620068837915,4,20
2016-05-17 14:00:00,53.333333333333336,89.22198409273844,102.26505365180522,85.75404805987152,65.47152107802869,115.6432909379376,52.830581734712894,4,21
2016-05-17 15:00:00,51.66666666666666,80.85425315628487,100.55270112707343,84.22198716447227,61.33616198798196,95.42909965129573,56.51628558728393,4,22
2016-05-17 16:00:00,66.66666666666667,72.6205965577522,85.60074983269965,86.39972448856375,51.66635405029181,100.59866882282745,56.25618242697363,4,23
2016-05-17 17:00:00,153.33333333333334,169.1803806473337,169.1803806473337,155.6756423310846,159.23882881447017,120.93222028491338,124.1398225629054,4,24
2016-05-17 18:00:00,100.0,175.109306486231,139.67581747649146,139.67581747649146,137.32511453617397,184.3403932286166,139.67581747649146,5,1
2016-05-17 19:00:00,123.33333333333331,93.85987297578723,124.3199642776196,104.98230686467703,93.4525428705185,122.58510109627333,130.511946033158,5,2
2016-05-17 20:00:00,118.33333333333331,76.77479316775326,87.56590631032095,105.94098056433687,81.81859356888646,90.51814664560561,101.13859961125674,5,3
2016-05-17 21:00:00,65.0,64.93659500466747,46.71705911372667,78.46909563640115,76.74186727164283,77.17972118012482,86.1927628029537,5,4
2016-05-17 22:00:00,46.66666666666666,51.276016889681465,73.23703164050015,57.01477493811548,63.04045255415014,85.06847660094343,60.470429760687665,5,5
2016-05-17 23:00:00,55.0,49.84390622021844,65.48834316866233,52.83484335804542,68.80185187246667,75.05525744409822,54.56952043611407,5,6
2016-05-18 00:00:00,51.66666666666666,39.242302090153984,52.86215689035046,50.06336049546414,72.3714684949089,73.21987327838961,49.858827445079335,5,7
2016-05-18 01:00:00,53.333333333333336,52.30565868301173,52.80967443405409,49.78264532229165,69.6581683949805,65.47221838602077,49.84232954375635,5,8
2016-05-18 02:00:00,55.0,52.416587597531326,47.72177181129222,49.97769144027482,61.55088654154765,60.543014197887885,50.03060788245384,5,9
2016-05-18 03:00:00,51.66666666666666,55.08951165563017,51.23258352639368,50.62360809509781,61.57693961238476,64.24232942890723,49.970772473156394,5,10
2016-05-18 04:00:00,51.66666666666666,52.24735163482023,45.85798864004997,51.4367919724748,61.549758638736876,63.40931823323173,49.795497839128515,5,11
2016-05-18 05:00:00,65.0,61.93458913506033,66.96578715972097,63.747546317262724,68.77619103747338,67.51609508292344,63.614904213478404,5,12
2016-05-18 06:00:00,70.0,69.21751306424177,74.24514097808206,70.89584730433157,82.76592168161282,126.7359074266214,70.87516680472132,5,13
2016-05-18 07:00:00,53.333333333333336,58.49590697514488,80.03983757560572,96.20340792583963,86.95022233581297,147.44002826039426,97.3236633843402,5,14
2016-05-18 08:00:00,61.66666666666666,77.68616012162943,125.45968546862746,103.15412145167548,117.67035382006223,152.57725149866235,79.7524219094921,5,15
2016-05-18 09:00:00,65.0,65.41176504308683,78.70224420404479,88.24586632353804,104.53024803025603,115.52350896782839,70.54361012273914,5,16
2016-05-18 10:00:00,58.333333333333336,66.65057519618192,90.97380503792323,93.06365388680099,103.7979222271738,125.04569581618237,67.00795067765866,5,17
2016-05-18 11:00:00,70.0,83.43910873263528,75.07190099730703,80.97821722268141,97.91070914701734,135.86371755945896,60.56404091837333,5,18
2016-05-18 12:00:00,56.66666666666666,68.67733675585535,110.6729228739216,79.60537552705895,99.55630658690352,124.77952577518032,78.37621245019493,5,19
2016-05-18 13:00:00,86.66666666666667,74.16582638406598,115.18587164912013,84.81469900870212,91.31253044122572,113.14367850811132,57.97208937570977,5,20
2016-05-18 14:00:00,81.66666666666667,85.35639673502956,90.04487872537916,78.021780046458,91.33685741984506,114.04444224476141,78.94326926128572,5,21
2016-05-18 15:00:00,83.33333333333333,77.27520644371793,52.760435384625886,83.29578899330363,91.46323330957368,115.8962150574427,82.05053552820361,5,22
2016-05-18 16:00:00,105.0,60.09063580839209,66.33234896442852,88.8661968579849,102.58404867242037,116.92586898981884,85.1356634935714,5,23
2016-05-18 17:00:00,118.33333333333331,157.3041538424009,157.3041538424009,128.9887382931659,167.9292161868631,146.2736760551858,143.29188980798583,5,24
2016-05-18 18:00:00,178.33333333333334,174.03615427563315,132.73745313953455,132.73745313953455,152.12225588885858,204.946423561157,132.73745313953455,6,1
2016-05-18 19:00:00,143.33333333333334,103.01140234118027,115.376945046569,108.48237544504808,125.65265818272375,138.7978972704576,132.32373624119745,6,2
2016-05-18 20:00:00,223.33333333333331,87.63727432703331,97.03116054963101,101.05702552485123,78.29469242626895,137.32682370874906,117.5607175940523,6,3
2016-05-18 21:00:00,81.66666666666667,59.57826128866617,72.06225889258991,65.82248994107336,60.74240359458293,90.71910426365889,89.23363987988328,6,4
2016-05-18 22:00:00,51.66666666666666,66.03090180930273,48.65585979425692,51.94194251781012,55.27443143491656,62.3442683386694,57.99051208913373,6,5
2016-05-18 23:00:00,56.66666666666666,39.92573322838056,55.13821743040038,49.52497594364258,73.92177997677423,59.47080631027017,56.52704756200221,6,6
2016-05-19 00:00:00,51.66666666666666,48.691131148332815,44.12681004796242,49.3751958051271,73.70899991267139,67.18120211638103,47.283547034958495,6,7
2016-05-19 01:00:00,51.66666666666666,50.533423345611816,48.18470442934598,51.073016847054966,68.79634900347259,59.81997228645317,49.06190518714405,6,8
2016-05-19 02:00:00,50.0,57.7466009115231,42.51389218797291,51.18038462468499,70.15861237744085,61.24439929626738,48.96496266610889,6,9
2016-05-19 03:00:00,51.66666666666666,55.16154943518257,50.61446939786894,51.10727941732926,71.52921113180831,60.490990538535456,49.846558848655526,6,10
2016-05-19 04:00:00,56.66666666666666,55.49091221489887,47.155273232374135,54.3738058142261,70.77320072613843,58.38494554598545,52.21619794158354,6,11
2016-05-19 05:00:00,55.0,56.38135407942746,57.91348382679612,61.984091766361956,79.3441205883738,60.815698855100806,62.577228806555226,6,12
2016-05-19 06:00:00,58.333333333333336,67.59477710304787,72.53609474541615,66.37296376847638,85.41093921811705,68.27013953685739,66.10974752940905,6,13
2016-05-19 07:00:00,50.0,59.45472970004655,83.60259276113798,89.47493137822161,68.68937323724045,119.61863142015808,66.7513981398446,6,14
2016-05-19 08:00:00,53.333333333333336,69.56404986962794,86.79319094455329,95.91804887192002,74.41888375920793,124.71838121160214,59.50184271992349,6,15
2016-05-19 09:00:00,36.66666666666666,75.9327045250547,78.81950814389577,81.80884644681635,106.08277874920915,145.25053746795686,60.25846778637862,6,16
2016-05-19 10:00:00,55.0,80.52414152900427,71.28579308394359,88.21125800514761,101.28462297730647,133.9625637088556,52.42479358521238,6,17
2016-05-19 11:00:00,51.66666666666666,90.2987390202137,57.54121164670848,82.76910264967773,111.31728383132278,126.91619207715135,56.311815204377325,6,18
2016-05-19 12:00:00,55.0,93.31487872623576,92.7283776545242,81.11765558662546,119.43655069218299,99.32108958353439,55.22070190581697,6,19
2016-05-19 13:00:00,50.0,109.98925690175635,113.66802218849938,87.70688999871037,116.85780628413602,104.85398665483494,59.83401903873389,6,20
2016-05-19 14:00:00,63.333333333333336,85.4000527930367,70.75598098136891,83.3122685696625,99.36704093575086,80.49415110316959,55.025955621011676,6,21
2016-05-19 15:00:00,81.66666666666667,76.63210397178626,68.54701720402413,83.54174113489448,101.79411345786237,94.58517371779786,85.37057506274087,6,22
2016-05-19 16:00:00,90.0,102.63600983664088,112.00542054903775,97.02322528348537,132.49740216614336,109.52504924665016,86.58137736116181,6,23
2016-05-19 17:00:00,208.33333333333331,209.39957710175787,209.39957710175787,161.0019622007062,229.57867608828346,125.71397931876743,143.3801105315204,6,24
2016-05-19 18:00:00,120.0,210.5226312924442,130.28394620895543,130.28394620895543,251.03216100964877,161.63555666194569,130.28394620895543,7,1
2016-05-19 19:00:00,98.33333333333331,126.30763478030265,114.77572541487974,126.9801601716003,189.6662103517488,134.03668837669468,126.86315653707868,7,2
2016-05-19 20:00:00,118.33333333333331,112.32803947316029,116.94140229959598,121.87728976486976,146.4682654066782,131.79032843452768,113.37401228453687,7,3
2016-05-19 21:00:00,66.66666666666667,50.756740527839156,60.28345191402979,86.05189532940669,110.68699467998862,90.73030684140988,87.1007930656059,7,4
2016-05-19 22:00:00,50.0,50.08304002025738,50.733551351151206,59.533444047437364,74.4515778971061,65.17647695981321,60.579307757263656,7,5
2016-05-19 23:00:00,56.66666666666666,52.99051910695437,46.75439304529684,49.26659172056853,71.37400441798266,60.7940004669869,48.59980468362372,7,6
2016-05-20 00:00:00,51.66666666666666,52.18744390770007,49.153181445621016,49.93091190063147,71.33293903640377,61.5577227890157,49.81259726632338,7,7
2016-05-20 01:00:00,51.66666666666666,52.90746169050126,47.946249719678235,49.88642267584696,72.1986788905548,70.53111870498986,50.16843702871554,7,8
2016-05-20 02:00:00,36.66666666666666,51.53873421349429,46.93185520352097,50.31882710409893,73.63359773017461,60.94541335643699,50.355971381824915,7,9
2016-05-20 03:00:00,58.333333333333336,48.956159671795504,45.85398836790528,51.74718584893255,76.33473267438059,59.29009806007173,50.76636372769715,7,10
2016-05-20 04:00:00,51.66666666666666,49.524900977808954,47.63898358140168,52.256079525472884,77.01068936315471,60.60528266209937,57.41696664724517,7,11
2016-05-20 05:00:00,61.66666666666666,37.97074982239252,51.15422220648516,57.08912809043822,87.14745247749069,96.39488251145195,55.218529141377275,7,12
2016-05-20 06:00:00,66.66666666666667,78.9193688361177,97.71941015121084,77.31758162560743,117.35864917276768,115.20476271417502,81.83925099551975,7,13
2016-05-20 07:00:00,80.0,119.49842417108283,133.43800842968713,138.6222311599947,117.99234352153053,191.45025487516924,123.2237356580534,7,14
2016-05-20 08:00:00,126.66666666666669,168.90301487398912,211.18034622038357,175.60845826581857,189.47155294241873,235.74567134997832,176.58621253856964,7,15
2016-05-20 09:00:00,73.33333333333333,111.48773948717631,118.19230319954012,153.96468297664177,128.7413537921063,188.34046378393458,134.28227004557053,7,16
2016-05-20 10:00:00,81.66666666666667,152.1722111168109,130.38377171761857,150.3223164858498,131.25030509675068,174.9390349214542,122.45108507086441,7,17
2016-05-20 11:00:00,73.33333333333333,239.76824921066307,186.02739053680742,148.79444517719892,181.34436576375603,245.86861801866715,125.86800480851389,7,18
2016-05-20 12:00:00,71.66666666666667,245.8613477647246,167.3727149277608,137.53353582365742,180.64163612734362,242.56580122569102,94.83677165696005,7,19
2016-05-20 13:00:00,61.66666666666666,216.09890014667664,165.25483669817123,154.01114538032715,176.66317381626732,182.7553111070984,101.66761572543675,7,20
2016-05-20 14:00:00,60.0,171.46269396702124,154.52147740375335,123.63398881700864,128.57720269997577,170.17112851149489,51.88161791578593,7,21
2016-05-20 15:00:00,46.66666666666666,139.6827584159616,147.77705606543915,123.1441926187418,109.41445929589662,156.36474949729848,65.83394345437704,7,22
2016-05-20 16:00:00,48.333333333333336,135.14047411329173,99.85505022718073,121.37915454283349,102.77778141168436,168.64696176163773,45.77613214859528,7,23
2016-05-20 17:00:00,75.0,189.70274877886203,189.70274877886203,192.23185670931295,131.73918660649434,204.8768718510875,99.39504052305693,7,24
2016-05-20 18:00:00,78.33333333333333,193.24718157259946,168.5617395431538,168.5617395431538,120.60172724838095,195.7811190792373,168.5617395431538,8,1
2016-05-20 19:00:00,65.0,115.8173975474352,107.28653626217903,124.82753294898691,89.82147076843417,151.66509630669654,116.53537311102869,8,2
2016-05-20 20:00:00,70.0,103.43243010138185,94.33640852280624,99.17425897142179,94.6215380245751,107.73622476923899,73.01967774407008,8,3
2016-05-20 21:00:00,65.0,72.85034661503036,83.6495758014552,58.666996375890406,66.80012761975772,109.45350541745303,68.82456540908554,8,4
2016-05-20 22:00:00,53.333333333333336,56.58572446085088,54.54733216775814,55.73795872605339,50.27728877927766,75.00807008627787,57.18216740449697,8,5
2016-05-20 23:00:00,45.0,49.87545593220812,63.585749317203586,54.987148837400824,44.61258273242934,62.79732643369067,55.56372048388724,8,6
2016-05-21 00:00:00,48.333333333333336,46.52122355900812,62.35107929628637,51.69412882837183,43.68218609474705,64.11766977717924,52.570691610695214,8,7
2016-05-21 01:00:00,51.66666666666666,47.136578287260114,57.38044340775746,53.85248734028604,46.71569000054976,65.54779465177477,52.664347927573836,8,8
2016-05-21 02:00:00,56.66666666666666,49.22668549780911,42.274798448309156,52.507524994845575,47.48387821797401,69.63112805249352,51.284079134092075,8,9
2016-05-21 03:00:00,48.333333333333336,46.7455944292397,49.073521182461,52.6975568391759,46.86898557824828,77.84896958438405,50.28869125132512,8,10
2016-05-21 04:00:00,56.66666666666666,47.116948993761575,49.2620695399048,54.55975824802735,47.52782632006054,82.19088559544583,53.20230201464269,8,11
2016-05-21 05:00:00,51.66666666666666,49.55703355323461,55.5535941071009,53.61321990521965,47.76381912805128,82.49390456811959,50.6893617152775,8,12
2016-05-21 06:00:00,60.0,62.202187148024414,75.11892823735249,64.41642168460541,57.94586770741663,94.03526182137804,61.16362520464846,8,13
2016-05-21 07:00:00,56.66666666666666,104.18824434855051,114.91163931646025,85.23785703722747,89.11605270968329,165.43956863279223,75.99660721171401,8,14
2016-05-21 08:00:00,208.33333333333331,124.22100749019027,116.6085042978662,131.76107524673438,123.21524936561376,148.96898785336438,77.12757099845032,8,15
2016-05-21 09:00:00,310.0,129.09462443192686,123.3251267095641,138.9662936087319,132.6538499855843,167.39601528565802,167.77792943722733,8,16
2016-05-21 10:00:00,383.3333333333333,148.58660951623727,163.5765666075429,158.21662512921725,141.3385669421558,169.8798870727382,265.191356121238,8,17
2016-05-21 11:00:00,431.6666666666667,131.85402033211136,133.45251368812143,132.27366047285307,142.50261063475503,179.7248286112133,222.67238773986531,8,18
2016-05-21 12:00:00,228.33333333333331,145.99465613938025,145.2987131802733,133.3575183002164,150.00389531433905,177.11339072011378,322.6493424438658,8,19
2016-05-21 13:00:00,343.3333333333333,126.23755896787362,126.29723973254819,131.9507082357833,158.88844203401638,148.9134862545276,384.7257000708405,8,20
2016-05-21 14:00:00,303.3333333333333,115.26688837500217,101.71484455107111,136.15906512432824,145.6994545224088,110.30026840139098,328.52837786850415,8,21
2016-05-21 15:00:00,361.6666666666667,120.51117911470223,128.32395206184253,138.03960497384668,152.34588695667665,116.28613413021091,211.54498753381714,8,22
2016-05-21 16:00:00,100.0,135.84307391599495,120.96868458575416,151.35765985941802,147.1915733738404,114.13239941315031,259.95839874917544,8,23
2016-05-21 17:00:00,95.0,168.24968049580335,168.24968049580335,163.64395433611773,178.8339220382523,101.251895675397,180.79616879221797,8,24
2016-05-21 18:00:00,125.0,149.7469391567015,203.78247347976952,203.78247347976952,151.9722135110427,107.67815203184138,203.78247347976952,9,1
2016-05-21 19:00:00,108.33333333333331,128.3202650168693,163.1853254636854,165.92050026727193,127.91221602262385,128.09218812175533,106.20713185423831,9,2
2016-05-21 20:00:00,95.0,105.61442553916567,152.73715993605566,120.21976114490226,130.35461320631515,134.26065774196084,102.83227721244893,9,3
2016-05-21 21:00:00,135.0,102.20930860748346,98.685544729426,85.48005884478377,107.87786575001574,96.86941972317481,64.63997734945204,9,4
2016-05-21 22:00:00,73.33333333333333,61.05378711084921,55.182376228772675,65.54799744520255,52.55670523767207,55.8044551327499,77.29618188069527,9,5
2016-05-21 23:00:00,148.33333333333334,53.2071736689761,51.92473018487145,54.54365799111514,54.00811400724854,57.45737576292357,58.62709628037824,9,6
2016-05-22 00:00:00,60.0,51.281012855333834,40.77309426995026,48.688838333786336,52.39052851946569,66.91217678434803,69.5696485447669,9,7
2016-05-22 01:00:00,56.66666666666666,51.60633122440042,48.67488976731268,50.4978275341839,54.725292981883165,65.72079692625368,50.623964085604186,9,8
2016-05-22 02:00:00,51.66666666666666,51.940454678849584,49.941833698473275,50.36943516564957,55.231395701604654,70.74359317228641,52.11413044542734,9,9
2016-05-22 03:00:00,53.333333333333336,53.71907856764106,45.75072131650608,51.081585553004544,53.24958924464925,80.06270778897739,49.996748229021144,9,10
2016-05-22 04:00:00,55.0,50.99876715397699,49.286005670814795,50.04093431990877,55.3102925588353,72.85769089290359,49.04929866124246,9,11
2016-05-22 05:00:00,50.0,59.25357967652987,56.16036002482108,57.83643350075926,61.40233805651915,81.59750240404517,52.61226126974146,9,12
2016-05-22 06:00:00,58.333333333333336,60.253409986053576,52.53428874248236,58.92556078114377,68.41704812256651,85.81976743793052,52.8203531013776,9,13
2016-05-22 07:00:00,63.333333333333336,89.17431811922235,63.78844648229963,90.89788623121682,100.85215298890967,115.1046137022265,87.25766475792027,9,14
2016-05-22 08:00:00,190.0,141.71403787847723,86.88842083735666,126.50343237338035,151.33732732010435,141.63758969268318,104.83900764635592,9,15
2016-05-22 09:00:00,113.33333333333331,194.64479953591535,150.30476564385893,134.4061204370838,167.8142362372892,160.21377381504308,187.6392884135573,9,16
2016-05-22 10:00:00,201.66666666666663,114.2306373016397,114.46831534581224,117.37259752240361,106.15755941096702,124.08890102732126,166.75884183168688,9,17
2016-05-22 11:00:00,343.3333333333333,166.12951806253614,149.26918125819574,162.12110396104123,135.2977828782691,141.54236170434962,108.08798747274764,9,18
2016-05-22 12:00:00,126.66666666666669,259.3433787766497,191.8637779810894,196.3307127116209,183.43770384502557,179.56684744346953,234.5631130504296,9,19
2016-05-22 13:00:00,103.33333333333331,155.42208907379083,134.63185038436325,135.46660870615688,143.24725402766404,127.92612084724826,119.14791853492457,9,20
2016-05-22 14:00:00,106.66666666666669,98.63667824215986,121.54256649773146,136.9639689112209,142.83566347187084,128.61456868753308,118.85259791024157,9,21
2016-05-22 15:00:00,96.66666666666669,66.5299798190542,114.76377987317842,108.01153060330735,110.29311180696591,99.56482933683493,97.91988521538589,9,22
2016-05-22 16:00:00,88.33333333333333,145.1862414182034,187.67353570955706,158.89213393852592,180.49361210541772,148.4687628624411,118.49690006673399,9,23
2016-05-22 17:00:00,265.0,173.25977741405526,173.25977741405526,174.2221390892392,151.87992776707546,144.45906095409245,119.65107505613554,9,24
2016-05-22 18:00:00,120.0,187.47158844832862,152.83108743899828,152.83108743899828,161.73450788873518,150.25576461235892,152.83108743899828,10,1
2016-05-22 19:00:00,96.66666666666669,153.87406336175027,116.6994192562326,122.65830798343035,107.61109264886153,130.92675048061483,128.9000852676645,10,2
2016-05-22 20:00:00,116.66666666666669,143.62206192149537,135.22846113987492,162.55736983872723,80.9854364936196,139.42797786035067,133.7499848638867,10,3
2016-05-22 21:00:00,88.33333333333333,142.15966020154042,103.12580193021321,122.03097996733027,94.32445055107594,133.61404496574505,116.66682332544374,10,4
2016-05-22 22:00:00,78.33333333333333,78.40960474524049,74.1630191158398,84.61943924287355,63.19046990838535,88.75698874126007,74.13803412545916,10,5
2016-05-22 23:00:00,60.0,115.72380178692624,88.83406806567426,91.41998697358777,88.02560571614278,101.91734165663985,88.83732538950208,10,6
2016-05-23 00:00:00,58.333333333333336,72.99528698105266,65.82120569574741,62.26063829416662,56.25990309985863,57.47727622514743,73.69904968908978,10,7
2016-05-23 01:00:00,51.66666666666666,78.37918710260904,54.78097115138184,53.390137001159445,62.42538528272807,72.88819052222757,56.7737808037373,10,8
2016-05-23 02:00:00,58.333333333333336,62.14256381259088,51.95019816397051,53.23675512743355,52.34063016742997,69.91411856508152,55.354659891015174,10,9
2016-05-23 03:00:00,51.66666666666666,64.02286751681098,50.83148084130577,51.62961447645178,50.35529723064751,71.85320779831474,59.97140950559843,10,10
2016-05-23 04:00:00,50.0,63.623496996160696,55.021177063796564,51.892261751441815,50.77353973592341,72.01642424859695,56.03494169632446,10,11
2016-05-23 05:00:00,66.66666666666667,63.154941927656395,51.46953665977594,58.12640269059649,52.82234606817707,85.81654096061733,58.99641018415788,10,12
2016-05-23 06:00:00,60.0,80.07066677198534,52.93279048940468,60.497869761743345,59.08657605061564,101.29961229853897,84.97290351315768,10,13
2016-05-23 07:00:00,56.66666666666666,86.81072537733216,64.91294969616447,78.34911778955046,79.91068288116956,123.20812550246566,85.27140977988985,10,14
2016-05-23 08:00:00,51.66666666666666,132.71090778990757,108.81911186228172,112.18992268966589,115.7549163868519,119.39188446360374,85.03758203362104,10,15
2016-05-23 09:00:00,55.0,116.31008137692616,61.55892258991081,102.74194317799144,111.5683368854846,126.809084783595,71.73450957907274,10,16
2016-05-23 10:00:00,51.66666666666666,152.59223249633413,120.0857870754381,137.3103763984305,133.54703128169734,148.85547871089483,78.1098856574341,10,17
2016-05-23 11:00:00,56.66666666666666,92.17094318490402,70.27640552263152,124.67086930887253,96.43872367799668,111.48716941507028,60.01170097655915,10,18
2016-05-23 12:00:00,61.66666666666666,117.58608755391754,114.54411457535824,167.0946336293169,130.32526759809866,141.79057459283175,66.48906519253596,10,19
2016-05-23 13:00:00,56.66666666666666,159.91322205959167,181.14182235992786,141.02813128897637,146.88163238715813,160.2143255810785,85.48362517732892,10,20
2016-05-23 14:00:00,58.333333333333336,66.47266402390449,83.98561736146969,116.03013980408002,94.79417142879849,92.15264431064271,56.78314022606507,10,21
2016-05-23 15:00:00,73.33333333333333,97.25594019801834,102.17479901081762,121.93188310218113,107.77127970458815,123.79721016200578,72.50158466717254,10,22
2016-05-23 16:00:00,156.66666666666666,114.51170518731517,91.1062029298272,123.84179486924035,106.22665635855414,118.94409838873516,94.4266935709119,10,23
2016-05-23 17:00:00,380.0,133.80743220374177,133.80743220374177,201.03090580793142,148.76300420662483,168.12473743989491,209.91193855661297,10,24
2016-05-23 18:00:00,123.33333333333331,120.5314882885751,285.0370652329675,285.0370652329675,137.38618536065138,160.58943093254777,285.0370652329675,11,1
2016-05-23 19:00:00,120.0,96.9978439351136,256.11785769187986,191.09343981866405,122.0563880753407,133.45263729170765,150.0731299551552,11,2
2016-05-23 20:00:00,105.0,91.559822474865,197.76652000884803,214.19230485092135,110.2462505487613,106.31443389428192,148.82358324421668,11,3
2016-05-23 21:00:00,68.33333333333333,74.49698017755993,117.68740102865652,116.70804670119752,88.20047272810343,99.74007983931735,93.02008334422922,11,4
2016-05-23 22:00:00,63.333333333333336,63.478532072337075,67.9911228561604,102.32606224060505,72.7414310379459,86.70847109812216,69.91356650258625,11,5
2016-05-23 23:00:00,58.333333333333336,80.2918398167428,119.19530950284494,76.30408511839374,81.48031747408567,85.88796377301985,87.0096362395335,11,6
2016-05-24 00:00:00,50.0,51.314327514121715,52.57221012687614,58.48819481566174,56.43806603435415,71.10388010418728,51.63336724091664,11,7
2016-05-24 01:00:00,56.66666666666666,48.88586770871609,51.574723357049464,48.92700998545354,54.18226780581183,75.98496897301459,50.47202171747833,11,8
2016-05-24 02:00:00,55.0,47.44111867109528,49.56748081823483,48.88356655665449,52.87531878567361,71.32915897854468,50.53019740417958,11,9
2016-05-24 03:00:00,53.333333333333336,48.306778328763286,50.26303407533352,51.84686344736026,60.787286053980196,70.85680526389518,51.086764943198055,11,10
2016-05-24 04:00:00,53.333333333333336,48.49340320705734,51.73206855250295,50.434727603722415,58.372469024856656,71.08619356829239,52.161115057499195,11,11
2016-05-24 05:00:00,106.66666666666669,52.26245422900681,64.29038300456864,55.54893777758861,58.14577334645995,69.95209600345761,59.82790744738214,11,12
2016-05-24 06:00:00,71.66666666666667,57.10189563261247,67.27410705767402,62.51760163920881,69.52778026717121,81.66092074634012,90.8862424239552,11,13
2016-05-24 07:00:00,161.66666666666666,77.43200941750929,87.35161312270242,75.65558786112565,84.64854157504664,122.2394869482723,129.61058545436362,11,14
2016-05-24 08:00:00,56.66666666666666,91.72333288598992,82.5648899607211,91.59400193489434,103.71900561394143,143.5336394515054,86.50043125920105,11,15
2016-05-24 09:00:00,38.333333333333336,79.87080412798655,72.51508334178045,80.85193050761161,106.32961085005012,141.51909401131925,68.93149580113209,11,16
2016-05-24 10:00:00,66.66666666666667,76.69570704886931,88.30778288848306,86.1666529439451,78.98478621411388,116.35860966668616,41.98857727502653,11,17
2016-05-24 11:00:00,101.66666666666669,113.20303022121499,103.02088994554681,91.68028252764174,143.52325475795243,131.71307007744548,87.62182923668104,11,18
2016-05-24 12:00:00,128.33333333333334,86.37768127489669,61.65771734091853,79.8864138382909,120.13511712882675,144.76416947258107,115.35386153201407,11,19
2016-05-24 13:00:00,118.33333333333331,102.9723390971327,84.71219185164831,80.24487207076835,116.1517164111921,137.19054992292791,113.53169396546632,11,20
2016-05-24 14:00:00,150.0,78.74932772489451,86.75222924793079,83.55125298224058,96.04138796347041,94.33191157306123,101.0349467831352,11,21
2016-05-24 15:00:00,141.66666666666666,81.43780744383454,105.00036356746145,84.97715296762614,95.47395748726855,109.96410716777288,102.7642648410639,11,22
2016-05-24 16:00:00,141.66666666666666,125.02248558868759,112.20100588388217,104.01486104473933,126.74059810201126,121.96520128263573,140.80814430278588,11,23
2016-05-24 17:00:00,203.33333333333331,141.69351400879228,141.69351400879228,149.11880132965322,187.41189953798593,179.4095326161761,171.01730500458518,11,24
2016-05-24 18:00:00,136.66666666666666,172.14996883998936,177.40530674943918,177.40530674943918,212.1977593032416,199.390585890424,177.40530674943918,12,1
2016-05-24 19:00:00,123.33333333333331,133.0551974015858,114.04614156405151,128.7919609402891,141.56232692139477,139.99997648950227,132.39739684558802,12,2
2016-05-24 20:00:00,96.66666666666669,121.84702802529291,119.63498523710794,110.53663974491273,131.0384444845824,110.8212252562457,118.67834714644236,12,3
2016-05-24 21:00:00,76.66666666666667,87.67819393774948,68.38966595148057,74.17093076152926,96.111891477202,99.44974664737114,69.63902395452936,12,4
2016-05-24 22:00:00,61.66666666666666,82.20999535619741,69.34031825662095,61.353295450816816,77.65588090315667,82.2364032818009,58.88621290719031,12,5
2016-05-24 23:00:00,58.333333333333336,74.86070783810015,77.97734468613594,61.96905818806441,68.72066650616986,91.21172326317732,61.95354613340967,12,6
2016-05-25 00:00:00,53.333333333333336,48.88175458200124,54.13779116171499,52.17310353491058,57.05537156592669,68.01596802910514,50.78055192547526,12,7
2016-05-25 01:00:00,53.333333333333336,48.345938949254254,53.411421223697374,50.77184514988725,57.75077139689087,69.91941467561831,50.7483022932404,12,8
2016-05-25 02:00:00,56.66666666666666,48.61063295747827,51.498209402340066,50.41801034221622,58.720568928413314,66.82365933889763,50.505381314245895,12,9
2016-05-25 03:00:00,48.333333333333336,53.71102844106684,50.406638983197965,50.71221453624518,57.89109875022343,80.1837138352758,50.725815957324315,12,10
2016-05-25 04:00:00,55.0,52.034159340903045,48.06690978202595,50.796636437793666,55.98360334033114,72.60477519652474,51.0233260180199,12,11
2016-05-25 05:00:00,55.0,68.12691893778414,75.77536243532676,79.28224867891473,69.87215345653887,102.1272003691841,78.0800555284297,12,12
2016-05-25 06:00:00,55.0,74.81295444447643,68.86961395670737,83.69223178467625,91.84639694929615,75.05710894540736,75.64767412991915,12,13
2016-05-25 07:00:00,65.0,84.96825063985021,90.51652487812257,110.63428598770402,108.44476504783758,127.87598642783983,78.5575912378107,12,14
2016-05-25 08:00:00,83.33333333333333,91.98383188366198,84.61498437431105,108.6608763599401,91.43750055932844,155.6424850575652,86.78861991360849,12,15
2016-05-25 09:00:00,90.0,81.34530954051647,63.837891564985576,113.31721000812547,87.11880985581425,149.38190047347274,81.97583853671222,12,16
2016-05-25 10:00:00,78.33333333333333,69.12958341040934,68.90386394852739,107.96403674373536,76.63188111928852,137.1786308762865,72.8446664982095,12,17
2016-05-25 11:00:00,50.0,86.43615603799721,103.69669551119995,120.1652472764821,92.94116239557134,126.3501750375922,96.87202178265072,12,18
2016-05-25 12:00:00,60.0,93.58535395922661,111.3246606242058,115.6540632291692,84.97765015921831,122.17727424392355,64.36650402012374,12,19
2016-05-25 13:00:00,71.66666666666667,91.98866892753773,96.62240882129221,110.21391315684862,72.24663732399932,98.4559964497348,68.60394039478354,12,20
2016-05-25 14:00:00,80.0,77.26453716544212,108.18965585261651,114.16140091102494,64.86965505195157,114.80217726964749,84.28319850232339,12,21
2016-05-25 15:00:00,80.0,102.9485954053622,120.8556357277782,117.01955533523594,79.04004222455104,104.33423122749511,85.52992476337106,12,22
2016-05-25 16:00:00,231.66666666666663,97.1914123974829,101.83374175778344,137.92725373315193,78.28490524935148,104.08603611580142,92.826166304433,12,23
2016-05-25 17:00:00,118.33333333333331,176.5398196246197,176.5398196246197,227.0200895927784,148.22284125224948,143.26199413945324,184.19512304376133,12,24
2016-05-25 18:00:00,156.66666666666666,144.80565125958097,176.56170883295002,176.56170883295002,114.03605441926771,122.20507735991625,176.56170883295002,13,1
2016-05-25 19:00:00,118.33333333333331,108.286273795297,140.19644184020459,127.80344502698988,127.14075032968849,117.00221463685193,108.77030765158827,13,2
2016-05-25 20:00:00,190.0,81.97720610194366,109.83922153055485,130.85025987464118,94.57645351875465,91.60968876144528,129.94626867660432,13,3
2016-05-25 21:00:00,56.66666666666666,56.28348487925233,77.33228914398612,84.17021311340987,75.87745344697713,78.4554712789329,97.2630992257088,13,4
2016-05-25 22:00:00,53.333333333333336,47.96160277499736,67.34370336569,59.42967811041518,64.85435512140553,64.31449224371825,48.50095799416242,13,5
2016-05-25 23:00:00,53.333333333333336,61.244617391767456,69.55139627492346,56.76443581011095,74.73095745703007,53.43747726350916,49.926677082183744,13,6
2016-05-26 00:00:00,53.333333333333336,45.72666288464914,56.529348035605956,49.71328346271518,61.162637939468496,49.640895161064336,47.45928303438209,13,7
2016-05-26 01:00:00,55.0,45.97636306778359,53.635168952218805,49.81694713959877,86.66669715599805,58.670171414894725,51.91354839263122,13,8
2016-05-26 02:00:00,50.0,45.96971846318093,49.87920893918918,50.321883599066645,85.82522542334699,59.58109833634252,52.44165782218372,13,9
2016-05-26 03:00:00,56.66666666666666,53.366769846970776,50.26617753735433,49.82488184667471,87.4281365632996,60.911217064372394,50.05138362742328,13,10
2016-05-26 04:00:00,50.0,49.64896651522223,53.609296003749115,49.658882881216584,85.99497853190768,55.903356903549124,51.60062183201946,13,11
2016-05-26 05:00:00,56.66666666666666,59.43452262189598,65.46987865480857,65.00314802911042,104.11656710779607,88.09527319664397,63.85299723286725,13,12
2016-05-26 06:00:00,61.66666666666666,58.28236941749335,59.27112051569941,60.276149186102366,84.06485807347494,84.04151786930407,55.584016592500554,13,13
2016-05-26 07:00:00,100.0,77.7412596208544,75.73686295379844,87.29619981241856,95.67318848010477,110.31510238482672,86.467680556054,13,14
2016-05-26 08:00:00,156.66666666666666,62.774168162940235,86.86527249764356,108.54313117597401,120.05539488375014,93.58413647726366,123.93084744666683,13,15
2016-05-26 09:00:00,276.6666666666667,70.37946060748357,88.9731864236257,108.27579382171248,128.70420445485894,87.43805375888967,82.7042976614809,13,16
2016-05-26 10:00:00,265.0,78.21134779502964,88.26138516157425,116.27120152334808,90.4517858808111,109.30997049888049,188.30839909604884,13,17
2016-05-26 11:00:00,243.33333333333331,131.6372240461888,117.93802524006644,134.30525814091197,106.33550158405924,120.33125545354027,191.61238253041117,13,18
2016-05-26 12:00:00,221.66666666666663,81.62971415867068,102.3559913686659,112.13848338074038,71.3460947512974,81.7033192635988,224.29544204612606,13,19
2016-05-26 13:00:00,75.0,80.59162744619887,74.83252060111612,129.0281804965965,67.48341693039032,96.65839892981892,159.02289511984014,13,20
2016-05-26 14:00:00,68.33333333333333,84.25736142161435,90.02511869633503,117.00727826404359,65.11352948527423,86.77798129830754,125.56763299796565,13,21
2016-05-26 15:00:00,61.66666666666666,74.24110624300215,99.12148364663318,114.19597271081872,79.10000168156208,80.47802175508136,81.03985415241536,13,22
2016-05-26 16:00:00,495.0,103.90214956086338,120.11019936444025,132.9630400543043,103.66784717957775,109.2153506144835,72.8301036789214,13,23
2016-05-26 17:00:00,440.0,165.60469430194655,165.60469430194655,199.84919264137872,153.9294098360293,134.45527078731882,210.94550840875183,13,24
2016-05-26 18:00:00,215.0,175.1961167608108,262.45699787990264,262.45699787990264,151.3231318323204,145.97929533346556,262.45699787990264,14,1
2016-05-26 19:00:00,223.33333333333331,118.74384453081655,163.9851256093414,156.49217552790282,118.12043388067067,131.77576420077426,161.20670909476672,14,2
2016-05-26 20:00:00,91.66666666666669,98.79837765252718,104.54384991728885,131.8405711257926,96.41728139946709,134.73402394355406,148.88784594411516,14,3
2016-05-26 21:00:00,76.66666666666667,62.44793730185864,72.15985020888142,73.0808244704546,69.6183910739308,100.86517328286992,76.3483353540685,14,4
2016-05-26 22:00:00,70.0,44.86703590480926,47.30154926482891,57.724109990712435,50.28411443956624,82.02093433170177,72.31849920612787,14,5
2016-05-26 23:00:00,65.0,67.24984631924427,73.81835254936247,60.53702810755123,66.95430008747397,84.4977034291073,60.59752852874369,14,6
2016-05-27 00:00:00,60.0,49.87544921413893,49.03577387190829,52.51290950207338,77.18491341187215,62.84502315725591,52.51290950207338,14,7
2016-05-27 01:00:00,58.333333333333336,49.30991741783293,46.9373990998714,51.7466665299012,80.11789367145312,57.80685289310869,53.12329127282324,14,8
2016-05-27 02:00:00,50.0,49.30266564409246,46.835934742572746,51.206167725599336,80.82267916963602,60.90771128795174,56.54461065848585,14,9
2016-05-27 03:00:00,58.333333333333336,49.728343630205956,49.50194179035347,52.229556115648315,77.89288920172604,53.18296440714465,52.044399241419114,14,10
2016-05-27 04:00:00,58.333333333333336,49.30266564409246,53.578862030634866,50.223342228880774,78.57279787489242,54.0782442591445,54.94260165295294,14,11
2016-05-27 05:00:00,58.333333333333336,48.90771487011846,69.17627934144402,55.686345937414124,92.84412727155471,63.832110858375565,60.45968916722801,14,12
2016-05-27 06:00:00,63.333333333333336,80.50669324958136,68.72159079879191,65.86118376988121,129.018335892099,83.12331407023417,65.74293479393211,14,13
2016-05-27 07:00:00,111.66666666666669,90.11569776935465,119.49379715799658,109.31650196834838,149.66718439283403,129.9395059812681,102.80877541249689,14,14
2016-05-27 08:00:00,130.0,129.82490083586637,94.50962859653319,105.6358333036284,178.50307130999494,156.91448903093874,107.83289093330718,14,15
2016-05-27 09:00:00,251.66666666666663,144.51163303191043,122.83085712175847,153.27373104453926,127.16358379745526,131.6640696326106,153.28715810855874,14,16
2016-05-27 10:00:00,251.66666666666663,158.5415334572989,126.6659724825052,133.1714381584875,138.0694556134156,159.0073317563624,156.5259454615345,14,17
2016-05-27 11:00:00,310.0,148.85834297594647,121.7529180631579,150.5110553564352,114.49694210493246,143.9451286861496,178.81047529218364,14,18
2016-05-27 12:00:00,185.0,126.85189816539865,111.71157339809469,127.89722391442577,126.88914140564512,142.54026966576282,186.50560537848878,14,19
2016-05-27 13:00:00,265.0,143.69713269663407,94.92135267340005,120.38597428221426,102.7343869237304,134.87832703136436,162.66233955475744,14,20
2016-05-27 14:00:00,101.66666666666669,132.73609139462272,103.70622955054029,116.38362689947712,96.33732544949866,143.00179989596933,168.8482024774891,14,21
2016-05-27 15:00:00,76.66666666666667,131.13039018578593,117.13073464519621,120.42128825912934,93.72272371578474,140.04951449648118,127.60590508019332,14,22
2016-05-27 16:00:00,135.0,86.70235556074836,107.0929321855612,164.21936801814442,84.2639539968891,130.00548472495618,102.80021713594067,14,23
2016-05-27 17:00:00,180.0,153.56666018741046,153.56666018741046,249.55539512554336,150.44653755788062,200.28353552749803,205.6706519530144,14,24
