date,actual,sarima_target_only,sarimax_calendar,sarimax_calendar_weather,window,step,lower_80,upper_80,lower_95,upper_95
2016-05-13 18:00:00,348.3333333333333,241.24408580307735,242.9619296316919,246.032835188275,1,1,162.73160272896212,319.7565688771926,121.16960476049532,361.3185668456594
2016-05-13 19:00:00,208.33333333333331,161.22344944145848,163.69913978833642,166.273798542615,1,2,77.67454126060048,244.7723576223165,33.44642088893343,289.0004779939835
2016-05-13 20:00:00,120.0,136.92876249486838,140.63548566322171,143.31990377255255,1,3,48.64714192537771,225.21038306435906,1.9136749517441558,271.9438500379926
2016-05-13 21:00:00,63.333333333333336,94.5641354898434,99.16192883703,105.90928616348364,1,4,4.423780785128798,184.704490194558,0.0,232.42191158317513
2016-05-13 22:00:00,55.0,73.04654520355734,78.4489530688802,85.88193264782694,1,5,0.0,164.13035946176467,0.0,212.3472181692675
2016-05-13 23:00:00,61.66666666666666,61.2916164686914,67.58312348046024,75.5353027876464,1,6,0.0,152.99603152504415,0.0,201.54141645031285
2016-05-14 00:00:00,58.333333333333336,56.36073510568153,54.864515848577135,60.500534010511515,1,7,0.0,148.39152275988204,0.0,197.10967890212916
2016-05-14 01:00:00,63.333333333333336,54.913388491422005,54.14957942212877,58.191407528391935,1,8,0.0,147.07572310671975,0.0,195.86351600373263
2016-05-14 02:00:00,60.0,53.24031656867741,52.999068680359514,56.19127933119559,1,9,0.0,145.45575110056728,0.0,194.27165339546335
2016-05-14 03:00:00,60.0,51.58928434248523,51.71396096899274,55.1124570588745,1,10,0.0,143.8261658692953,0.0,192.65342151749778
2016-05-14 04:00:00,60.0,51.31910617758268,51.69671554945565,56.86832862853752,1,11,0.0,143.5646522087361,0.0,192.3964945684756
2016-05-14 05:00:00,56.66666666666666,60.47544343106214,61.02039423610613,66.52611285896651,1,12,0.0,152.7244902295794,0.0,201.55818578361826
2016-05-14 06:00:00,63.333333333333336,70.46908598467893,71.1261420225472,76.45981479980776,1,13,0.0,162.7195472730832,0.0,211.55399161283754
2016-05-14 07:00:00,113.33333333333331,99.1976634754397,99.92276262762071,105.5090609991652,1,14,6.946630651367286,191.4486962995121,0.0,240.2834431919733
2016-05-14 08:00:00,133.33333333333334,115.3089477838343,116.08685232277556,121.3815206941605,1,15,23.057684024836902,207.5602115428317,0.0,256.39508068485765
2016-05-14 09:00:00,118.33333333333331,104.35105430331254,105.18764590952709,110.36572137661626,1,16,12.099697232417356,196.60241137420772,0.0,245.43732991256854
2016-05-14 10:00:00,158.33333333333334,111.3895689118716,112.26018866141554,117.89624014730806,1,17,19.138174137197524,203.6409636865457,0.0,252.47590218408143
2016-05-14 11:00:00,96.66666666666669,116.36705910783144,117.24400087959577,122.44483250364414,1,18,24.115649098493435,208.61846911716944,0.0,257.4534156794491
2016-05-14 12:00:00,116.66666666666669,110.01276789804734,110.89197665900919,118.91110238064137,1,19,17.76135173296224,202.26418406313246,0.0,251.09913388406778
2016-05-14 13:00:00,113.33333333333331,103.33607654440166,104.23171270735796,113.51730381465924,1,20,11.084657892012686,195.58749519679066,0.0,244.4224463344251
2016-05-14 14:00:00,106.66666666666669,100.47104799200756,101.36133442728274,109.04867742528387,1,21,8.21962833459726,192.72246764941787,0.0,241.5574193190785
2016-05-14 15:00:00,130.0,94.48542173069416,95.38699301319426,104.05777195123864,1,22,2.234001667249899,186.7368417941384,0.0,235.57179367874045
2016-05-14 16:00:00,111.66666666666669,124.89401913062511,125.78588956103543,134.95596169797824,1,23,32.642598903094466,217.14543935815576,0.0,265.98039132961986
2016-05-14 17:00:00,241.66666666666663,181.78290596472607,182.6657698678959,192.54596004978512,1,24,89.53148567450852,274.0343262549436,40.696533669859974,322.8692782595922
2016-05-14 18:00:00,166.66666666666666,194.1704280218827,194.38946814300732,199.48822719086567,2,1,115.65794763039142,272.682908413374,74.09595108201995,314.2449049617455
2016-05-14 19:00:00,90.0,143.28872127849817,143.56432637732888,148.9694690439936,2,2,59.73981595221966,226.8376266047767,15.511697091675728,271.0657454653206
2016-05-14 20:00:00,86.66666666666667,120.12342323499371,120.36220804390715,124.87713971274485,2,3,31.84180568138693,208.4050407886005,0.0,255.13850616572154
2016-05-14 21:00:00,75.0,80.89469798282381,81.18089198444872,86.18985977144543,2,4,0.0,171.0350496082839,0.0,218.75246936684215
2016-05-14 22:00:00,61.66666666666666,66.04503082000797,66.37015991583634,71.06589380139354,2,5,0.0,157.12884197142486,0.0,205.34569903429218
2016-05-14 23:00:00,48.333333333333336,58.877417843202494,59.19997003716388,62.45568010270281,2,6,0.0,150.58182977800294,0.0,199.1272130508217
2016-05-15 00:00:00,53.333333333333336,54.881241491993315,56.48776311645981,59.042951346376555,2,7,0.0,146.91202617848353,0.0,195.6301807497197
2016-05-15 01:00:00,55.0,54.282733825101545,55.96619854154213,58.81790948440997,2,8,0.0,146.44506553452914,0.0,195.2328568932673
2016-05-15 02:00:00,51.66666666666666,52.87922921903932,54.66999762034283,57.542015931646745,2,9,0.0,145.0946608700258,0.0,193.91056163986372
2016-05-15 03:00:00,40.0,51.52644556350538,53.41961410322523,56.33438334373902,2,10,0.0,143.76332421949803,0.0,192.59057834798153
2016-05-15 04:00:00,51.66666666666666,51.40931166839124,53.38827188916315,56.831759379009746,2,11,0.0,143.6548548328037,0.0,192.48669567498217
2016-05-15 05:00:00,56.66666666666666,60.06927200534319,62.11052263603,66.12438288052891,2,12,0.0,152.31831593876842,0.0,201.1520099761192
2016-05-15 06:00:00,51.66666666666666,69.9636420170929,72.05011572823545,75.20994183781693,2,13,0.0,162.21410044107222,0.0,211.0485432644916
2016-05-15 07:00:00,93.33333333333331,99.72563655779894,101.83665374320066,104.72195053087357,2,14,7.474606597881774,191.9766665177161,0.0,240.81141189398508
2016-05-15 08:00:00,118.33333333333331,116.04217140002265,118.17861914271938,122.44800016266704,2,15,23.790910505071523,208.2934322949738,0.0,257.12829992086523
2016-05-15 09:00:00,101.66666666666669,104.90932247718168,107.08635550283671,111.91167372097041,2,16,12.657968270288706,197.16067668407464,0.0,245.99559370632426
2016-05-15 10:00:00,108.33333333333331,113.50257649169427,115.70022071169683,120.56410588830782,2,17,21.251184581004566,205.75396840238398,0.0,254.58890538381797
2016-05-15 11:00:00,105.0,115.36118106214846,117.56258054412206,122.95984676421283,2,18,23.109773916787503,207.61258820750942,0.0,256.44753325369123
2016-05-15 12:00:00,96.66666666666669,110.24631627446998,112.44435987497832,118.73063054580963,2,19,17.994902973358663,202.49772957558127,0.0,251.33267788042048
2016-05-15 13:00:00,136.66666666666666,103.72876487435373,105.93976846926755,111.66421444232613,2,20,11.477349085937178,195.9801806627703,0.0,244.81513028430936
2016-05-15 14:00:00,88.33333333333333,100.68699928129291,102.89154745274766,107.16560783753384,2,21,8.43558248785412,192.93841607473172,0.0,241.7733662282974
2016-05-15 15:00:00,93.33333333333331,96.0770243043238,98.28958101841025,101.43396051631623,2,22,3.82560710484546,188.32844150380214,0.0,237.1633918723122
2016-05-15 16:00:00,143.33333333333334,124.20084951807297,126.40642628341654,128.3880024283124,2,23,31.949432154508116,216.45226688163783,0.0,265.28721733701
2016-05-15 17:00:00,236.66666666666663,184.51811574677936,186.71035270993505,190.02226590453046,2,24,92.26669832019657,276.76953317336216,43.43174783146469,325.604483662094
2016-05-15 18:00:00,98.33333333333331,198.51549339488776,199.29419662743857,204.95753353947933,3,1,120.00301544035527,277.0279713494202,78.44102018203186,318.58996660774363
2016-05-15 19:00:00,96.66666666666669,142.37738412187775,143.27497611165393,150.30263997123208,3,2,58.82848138876655,225.92628685498897,14.600363900962464,270.15440434279304
2016-05-15 20:00:00,246.66666666666663,119.15036318883966,120.25689638566047,125.3130631652519,3,3,30.868748374932935,207.4319780027464,0.0,254.16544192955786
2016-05-15 21:00:00,203.33333333333331,81.83504452681501,83.21056702631385,84.13015880750707,3,4,0.0,171.97539335500775,0.0,219.6928116327821
2016-05-15 22:00:00,86.66666666666667,66.94914676835855,68.42891803614742,65.93903098768301,3,5,0.0,158.03295509749375,0.0,206.2498106663354
2016-05-15 23:00:00,83.33333333333333,58.962807613904836,60.42878076288601,57.43709146125473,3,6,0.0,150.6672167130136,0.0,199.21259848470785
2016-05-16 00:00:00,61.66666666666666,55.15100381367514,66.55793660634262,63.54705076102723,3,7,0.0,147.18178580422716,0.0,195.8999389483199
2016-05-16 01:00:00,53.333333333333336,54.5077769299098,66.02817860592472,62.914133352740414,3,8,0.0,146.6701059995762,0.0,195.45789596090916
2016-05-16 02:00:00,56.66666666666666,52.91784951926391,64.57178690187037,61.63872300604729,3,9,0.0,145.13327855316953,0.0,193.9491779376085
2016-05-16 03:00:00,53.333333333333336,51.02049117882843,62.79569165036896,60.47678277561164,3,10,0.0,143.25736722690252,0.0,192.08461997483735
2016-05-16 04:00:00,55.0,51.41710351497421,63.2899269378994,61.19642489902223,3,11,0.0,143.6626440751713,0.0,192.49448353876141
2016-05-16 05:00:00,51.66666666666666,59.88081667010439,71.82486547928607,68.73709123057763,3,12,0.0,152.1298580008122,0.0,200.9635506603676
2016-05-16 06:00:00,53.333333333333336,69.0611655912765,81.05725386212195,76.77129476915769,3,13,0.0,161.3116214131444,0.0,210.14606285908917
2016-05-16 07:00:00,61.66666666666666,99.37138209685989,111.39565299237054,108.67178026003631,3,14,7.120354738809169,191.6224094549106,0.0,240.4571534538347
2016-05-16 08:00:00,88.33333333333333,116.08873263739244,128.14044418175192,128.15145815526566,3,15,23.837474344208758,208.3399909305761,0.0,257.1748571791751
2016-05-16 09:00:00,70.0,104.69239454109835,116.78561452225107,118.23704848768266,3,16,12.4410429359328,196.9437461462639,0.0,245.77866179124226
2016-05-16 10:00:00,148.33333333333334,113.19275865402548,125.3074014729017,128.23793021709704,3,17,20.941369345047022,205.44414796300396,0.0,254.2790835671752
2016-05-16 11:00:00,103.33333333333331,114.80630140683677,126.92593415519069,130.68708406923315,3,18,22.55489686318039,207.05770595049313,0.0,255.89264961941575
2016-05-16 12:00:00,206.66666666666663,109.539497827087,121.65684985693288,125.72781848568846,3,19,17.288087127677315,201.7909085264967,0.0,250.62585545407825
2016-05-16 13:00:00,266.6666666666667,105.20237454558517,117.32978744923628,120.67752279459991,3,20,12.950961358869009,197.45378773230135,0.0,246.2887359765834
2016-05-16 14:00:00,88.33333333333333,100.03658960622099,112.1608580608973,114.98949078101498,3,21,7.785175414481742,192.28800379796024,0.0,241.12295257426936
2016-05-16 15:00:00,111.66666666666669,95.87693553549795,108.00846918532037,111.09854462204432,3,22,3.6255209377140716,188.12835013328183,0.0,236.963299124538
2016-05-16 16:00:00,88.33333333333333,125.02630802265156,137.15001883981535,138.26115390935556,3,23,32.77489326078107,217.27772278452204,0.0,266.11267186264047
2016-05-16 17:00:00,243.33333333333331,186.89150307168285,199.00061930667948,196.52144809113022,3,24,94.64008824649372,279.14291789687195,45.80513913485646,327.97786700850924
2016-05-16 18:00:00,155.0,186.29656525361224,190.7510404296182,187.7696090666107,4,1,107.78408951287085,264.8090409943536,66.22209542645767,306.37103508076683
2016-05-16 19:00:00,115.0,136.9135832625882,142.59926999313078,139.19691376361806,4,2,53.36468288517159,220.4624836400048,9.136566644396908,264.6905998807795
2016-05-16 20:00:00,96.66666666666669,120.46959539032176,127.77042609312885,124.89363109610179,4,3,32.187983065223406,208.7512077154201,0.0,255.48467032473602
2016-05-16 21:00:00,68.33333333333333,82.88093734011676,91.74259726927025,90.51195944832175,4,4,0.0,173.02128362720555,0.0,220.73870055980075
2016-05-16 22:00:00,46.66666666666666,64.74883155782987,74.75031615614941,73.59938657415674,4,5,0.0,155.8326373231376,0.0,204.0494915347709
2016-05-16 23:00:00,60.0,58.3621651605255,69.08764115122831,68.57585893267753,4,6,0.0,150.0665716836248,0.0,198.611952091662
2016-05-17 00:00:00,50.0,54.32215603636054,47.98229173906793,49.248668815309394,4,7,0.0,146.3529355778583,0.0,195.07108742550002
2016-05-17 01:00:00,55.0,53.705452258564875,47.66096364740855,48.672375759257825,4,8,0.0,145.86777893020945,0.0,194.65556762210633
2016-05-17 02:00:00,51.66666666666666,52.59242135339316,46.76487013464832,47.60311758163823,4,9,0.0,144.80784800988027,0.0,193.62374613578993
2016-05-17 03:00:00,53.333333333333336,50.78414302152899,45.11259299773981,45.646087860802766,4,10,0.0,143.02101670050783,0.0,191.8482681943194
2016-05-17 04:00:00,53.333333333333336,51.339727540201594,45.77692695904745,45.10997172121989,4,11,0.0,143.58526573466747,0.0,192.41710394591513
2016-05-17 05:00:00,58.333333333333336,59.31350797774472,53.82355121284047,53.625593721215964,4,12,0.0,151.5625469440821,0.0,200.39623835201542
2016-05-17 06:00:00,56.66666666666666,68.18173358896962,62.74114765614418,63.36843761620276,4,13,0.0,160.43218704701758,0.0,209.26662724163165
2016-05-17 07:00:00,65.0,97.48704965517553,92.07222338482936,93.13675104161082,4,14,5.236024660722194,189.73807464962886,0.0,238.5728173973401
2016-05-17 08:00:00,56.66666666666666,114.68712915754368,109.29517394046056,110.53929811154008,4,15,22.435873227867418,206.93838508721996,0.0,255.77325008465363
2016-05-17 09:00:00,51.66666666666666,102.97585233007247,97.62148460776771,99.15744620275854,4,16,10.724503088378,195.22720157176695,0.0,244.06211596559928
2016-05-17 10:00:00,53.333333333333336,114.75705480763159,109.4170324662381,112.08493661160797,4,17,22.50566786210952,207.00844175315365,0.0,255.84337610618667
2016-05-17 11:00:00,51.66666666666666,114.18918354752925,108.85524142486466,112.5804710818879,4,18,21.937781367323197,206.4405857277353,0.0,255.27552814552286
2016-05-17 12:00:00,53.333333333333336,114.01699752022968,108.6733573207976,111.18179568390474,4,19,21.765589184267625,206.26840585619175,0.0,255.1033515326397
2016-05-17 13:00:00,41.66666666666666,112.69815295264735,107.35951945856854,110.38758155417483,4,20,20.446742129377697,204.949563775917,0.0,253.78451076906603
2016-05-17 14:00:00,53.333333333333336,99.41407982162077,94.0822333491458,100.7303345346514,4,21,7.162667993327304,191.66549164991426,0.0,240.50043917509078
2016-05-17 15:00:00,51.66666666666666,96.54417842679786,91.21725894251001,99.7536206564276,4,22,4.292766192455133,188.79559066114058,0.0,237.6305384012666
2016-05-17 16:00:00,66.66666666666667,123.23321116060477,117.90171407500308,126.72916329338372,4,23,30.98179876217533,215.48462355903422,0.0,264.31957138602246
2016-05-17 17:00:00,153.33333333333334,189.46552091011088,184.11440243074117,192.5551965126496,4,24,97.21410844808963,281.71693337213213,48.379160587437894,330.5518812327839
2016-05-17 18:00:00,100.0,143.09963357315897,141.63564045118648,144.16935299829277,5,1,64.58715984347808,221.61210730283986,23.025166821656015,263.17410032466194
2016-05-17 19:00:00,123.33333333333331,101.10640365568719,99.03170764764576,101.08704598063466,5,2,17.557505418239586,184.65530189313478,0.0,228.88341700107833
2016-05-17 20:00:00,118.33333333333331,98.6366434510485,95.84845696786357,96.63957538673279,5,3,10.355033386842905,186.9182535152541,0.0,233.65171492772566
2016-05-17 21:00:00,65.0,68.15148789399245,64.82478778111839,65.32852032800369,5,4,0.0,158.291831872682,0.0,206.0092475832844
2016-05-17 22:00:00,46.66666666666666,53.0684645035612,49.348709776710166,50.20265087212332,5,5,0.0,144.15226793982697,0.0,192.36912091853998
2016-05-17 23:00:00,55.0,50.68650922065641,46.62224981083125,46.33443094461363,5,6,0.0,142.3909134036474,0.0,190.9362925729061
2016-05-18 00:00:00,51.66666666666666,49.1653902020277,36.419980753912924,36.875454343896976,5,7,0.0,141.1961675187462,0.0,189.9143181886609
2016-05-18 01:00:00,53.333333333333336,50.59082630271847,37.58013985618385,38.75036574943223,5,8,0.0,142.7531507959428,0.0,191.54093833465367
2016-05-18 02:00:00,55.0,50.504393860029616,37.29145986393813,39.9787912215491,5,9,0.0,142.71981835681302,0.0,191.53571533944458
2016-05-18 03:00:00,51.66666666666666,49.57778708039805,36.21708359434581,38.2839007459182,5,10,0.0,141.8146586072342,0.0,190.64190896177024
2016-05-18 04:00:00,51.66666666666666,50.5641957851217,37.09768244794798,38.583531890426016,5,11,0.0,142.80973183050085,0.0,191.64156890409072
2016-05-18 05:00:00,65.0,58.688959831845125,45.146484090383225,46.00519673583598,5,12,0.0,150.93799665033197,0.0,199.77168692126185
2016-05-18 06:00:00,70.0,67.24783878522334,53.653253408996136,54.13891607987106,5,13,0.0,159.49829009592082,0.0,208.3327291537962
2016-05-18 07:00:00,53.333333333333336,95.68718231436438,82.0507110601161,83.45136951569916,5,14,3.436159467059369,187.93820516166937,0.0,236.77294677274895
2016-05-18 08:00:00,61.66666666666666,111.7646623340234,98.10599535557733,101.11032531958611,5,15,19.513408551413747,204.01591611663304,0.0,252.85077997747834
2016-05-18 09:00:00,65.0,100.4154739614219,86.7618445046003,89.89705815850053,5,16,8.164126866761038,192.66682105608277,0.0,241.50173431334414
2016-05-18 10:00:00,58.333333333333336,111.75257348570264,98.09304845571504,101.44874060821823,5,17,19.50118868720081,204.0039582842045,0.0,252.83889150067364
2016-05-18 11:00:00,70.0,111.152341384412,97.48535540873256,103.1241452695806,5,18,18.900941351220666,203.40374141760333,0.0,252.23868269882996
2016-05-18 12:00:00,56.66666666666666,111.07855247693473,97.39345231142808,103.64430305931305,5,19,18.827146287984945,203.32995866588453,0.0,252.16490320577282
2016-05-18 13:00:00,86.66666666666667,109.28226824909024,95.59681619543942,102.21296247047637,5,20,17.030859572831844,201.53367692534863,0.0,250.36862278193857
2016-05-18 14:00:00,81.66666666666667,97.17298757477012,83.48877014631555,92.01567269730893,5,21,4.921577893487225,189.424397256053,0.0,238.25934364467076
2016-05-18 15:00:00,83.33333333333333,94.36263051177556,80.68059580883008,88.13654619161078,5,22,2.1112204244392103,186.61404059911192,0.0,235.44898720268142
2016-05-18 16:00:00,105.0,120.50558493207109,106.81829627990871,113.11517286565436,5,23,28.25417468064795,212.7569951834942,0.0,261.59194187392603
2016-05-18 17:00:00,118.33333333333331,187.69726942446778,173.98903295707265,182.86203012575658,5,24,95.44585910920468,279.9486797397309,46.610912384978036,328.7836264639575
2016-05-18 18:00:00,178.33333333333334,138.01720239353466,132.96144756466205,138.8283263698921,6,1,59.50473049074917,216.52967429632014,17.942738436027113,258.0916663510422
2016-05-18 19:00:00,143.33333333333334,93.7903018267868,86.8415346166478,91.88002618680251,6,2,10.241405533338167,177.33919812023544,0.0,221.56731219908806
2016-05-18 20:00:00,223.33333333333331,94.99048874658484,86.07644589333269,89.89403696544645,6,3,6.708880736228238,183.27209675694144,0.0,230.00555708217104
2016-05-18 21:00:00,81.66666666666667,64.712697767326,54.43596590350079,57.35733127644002,6,4,0.0,154.8530396490105,0.0,202.5704542495255
2016-05-18 22:00:00,51.66666666666666,49.21434727555062,38.0167908958271,39.12140903581866,6,5,0.0,140.2981485960591,0.0,188.5150004547578
2016-05-18 23:00:00,56.66666666666666,47.90538745335175,36.08348654148268,36.78450253695152,6,6,0.0,139.60978951053244,0.0,188.15516755445515
2016-05-19 00:00:00,51.66666666666666,47.36006420426979,41.892398893779706,44.01088126324788,6,7,0.0,139.39083949994549,0.0,188.1089890999848
2016-05-19 01:00:00,51.66666666666666,49.471095850794256,43.62169836786723,45.83666166740171,6,8,0.0,141.63341836508943,0.0,190.42120485621848
2016-05-19 02:00:00,50.0,49.89547649312653,43.74394104589382,45.03106220518433,6,9,0.0,142.1108990279833,0.0,190.92679497203366
2016-05-19 03:00:00,51.66666666666666,49.12847803684769,42.75077550408301,43.78734561996785,6,10,0.0,141.36534760862583,0.0,190.19259692821666
2016-05-19 04:00:00,56.66666666666666,50.24182395440059,43.699626786566654,45.18906763839981,6,11,0.0,142.48735804749785,0.0,191.31919408761215
2016-05-19 05:00:00,55.0,58.720891223546296,52.05999923964437,53.630096140635175,6,12,0.0,150.96992609087417,0.0,199.8036153289229
2016-05-19 06:00:00,58.333333333333336,67.18288265567178,60.44009186538953,61.61813123372083,6,13,0.0,159.43333201566458,0.0,208.26777004089928
2016-05-19 07:00:00,50.0,93.55181366676055,86.74928041986281,87.85030405515535,6,14,1.300792769976539,185.80283456354456,0.0,234.6375751420807
2016-05-19 08:00:00,53.333333333333336,109.294467881895,102.4558329635635,103.91923535689946,6,15,17.043216049732138,201.54571971405787,0.0,250.380582542399
2016-05-19 09:00:00,36.66666666666666,98.65167560505603,91.80652980155863,93.60734866655591,6,16,6.400330460811958,190.90302074930008,0.0,239.7379329740732
2016-05-19 10:00:00,55.0,109.15605390081589,102.29934745259013,105.02165986456316,6,17,16.90467105271871,201.40743674891309,0.0,250.24236893290038
2016-05-19 11:00:00,51.66666666666666,109.13824490480164,102.26901749297672,106.09907269763399,6,18,16.88684682200997,201.3896429875933,0.0,250.22458323634072
2016-05-19 12:00:00,55.0,108.44736943000154,101.5585616790033,104.29510804052816,6,19,16.19596519144919,200.69877366855388,0.0,249.53371717596417
2016-05-19 13:00:00,50.0,108.14485868956464,101.25177371468128,100.72350559601043,6,20,15.893451963702773,200.3962654154265,0.0,249.2312102395389
2016-05-19 14:00:00,63.333333333333336,96.37077767213545,89.47709951184495,86.04994345233344,6,21,4.119369941248436,188.62218540302246,0.0,237.45713075916302
2016-05-19 15:00:00,81.66666666666667,93.77152146910896,86.87877521360235,85.27887677043111,6,22,1.5201133321646836,186.02292960605325,0.0,234.85787517714755
2016-05-19 16:00:00,90.0,119.70534896417998,112.80728537285661,113.30150887681462,6,23,27.453940663148828,211.95675726521114,0.0,260.79170292316775
2016-05-19 17:00:00,208.33333333333331,184.37224483594156,177.45704586323754,174.0182284480093,6,24,92.12083647084502,276.6236532010381,43.28589077897419,325.4585988929089
2016-05-19 18:00:00,120.0,168.86435647131594,166.39469803470746,163.97897888276097,7,1,90.35188622812602,247.37682671450585,48.78989505194079,288.9388178906911
2016-05-19 19:00:00,98.33333333333331,126.85402102630593,123.40412695382611,123.10364634317153,7,2,43.30512649883255,210.4029155537793,0.0,254.63102869778112
2016-05-19 20:00:00,118.33333333333331,120.79140253929671,116.26270866297051,118.9942087552627,7,3,32.50979639470573,209.07300868388768,0.0,255.80646802144062
2016-05-19 21:00:00,66.66666666666667,79.76421465457223,74.52162658284581,77.34485637443957,7,4,0.0,169.90455463128706,0.0,217.62196822337205
2016-05-19 22:00:00,50.0,61.097574854833425,55.30835022297409,57.63176674008311,7,5,0.0,152.18137425333722,0.0,200.39822509458816
2016-05-19 23:00:00,56.66666666666666,56.95758168141036,50.68207591085327,53.24732635742346,7,6,0.0,148.66198180745403,0.0,197.20735882909452
2016-05-20 00:00:00,51.66666666666666,53.02877367423889,62.97577531970806,65.04907135825947,7,7,0.0,145.0595471339508,0.0,193.77769576208956
2016-05-20 01:00:00,51.66666666666666,53.0228513285528,62.78931142724929,65.52157211997324,7,8,0.0,145.18517204514114,0.0,193.9729575846217
2016-05-20 02:00:00,36.66666666666666,52.06644588582163,61.75347080323582,64.34113064620404,7,9,0.0,144.28186663841706,0.0,193.09776163899525
2016-05-20 03:00:00,58.333333333333336,50.59816830841931,60.25582136841228,62.722880534712395,7,10,0.0,142.8350361041757,0.0,191.66228448359743
2016-05-20 04:00:00,51.66666666666666,51.37544061806846,61.02606087424648,64.37678458634534,7,11,0.0,143.6209729376659,0.0,192.45280803894607
2016-05-20 05:00:00,61.66666666666666,59.049336220627076,68.70123158293738,71.58346744118903,7,12,0.0,151.29836931547524,0.0,200.13205761522988
2016-05-20 06:00:00,66.66666666666667,67.061430832247,76.7187224474573,78.37029571104576,7,13,0.0,159.31187842017277,0.0,208.14631550733188
2016-05-20 07:00:00,80.0,91.67014583068233,101.33174712374998,103.45147482914886,7,14,0.0,183.92116495556613,0.0,232.75590459611493
2016-05-20 08:00:00,126.66666666666669,106.7463399774081,116.4155993419545,118.52989838572076,7,15,14.49508991707799,198.9975900377382,0.0,247.83245192812774
2016-05-20 09:00:00,73.33333333333333,95.7673144697913,105.45916886371351,107.34019469623647,7,16,3.5159710973527325,188.01865784222986,0.0,236.8535691290658
2016-05-20 10:00:00,81.66666666666667,106.6045776845663,116.30429714157613,119.50723803399573,7,17,14.353196608263602,198.855958760869,0.0,247.69089000692495
2016-05-20 11:00:00,73.33333333333333,106.40957830757971,116.11060489839267,119.91731607773563,7,18,14.158181996577994,198.6609746185814,0.0,247.49591392939988
2016-05-20 12:00:00,71.66666666666667,105.8935706468549,115.58442166812485,120.52154906779056,7,19,13.642168180090465,198.14497311361933,0.0,246.97991568310172
2016-05-20 13:00:00,61.66666666666666,105.36202571451157,115.05488226195735,122.18121093566857,7,20,13.110620760436802,197.61343066858635,0.0,246.4483745547713
2016-05-20 14:00:00,60.0,94.75957775073186,104.4542120501446,113.02226934317599,7,21,2.5081717916313835,187.01098370983235,0.0,235.84592812804578
2016-05-20 15:00:00,46.66666666666666,93.13824282282076,102.83504623341177,111.99954413632787,7,22,0.8868364576595269,185.389649187982,0.0,234.224593821151
2016-05-20 16:00:00,48.333333333333336,118.24457731657796,127.93901783643885,136.23730107033703,7,23,25.993170787329788,210.49598384582612,0.0,259.33092856585756
2016-05-20 17:00:00,75.0,185.4263066106558,195.10230269800283,201.7668198575331,7,24,93.17490001713745,277.6777132041741,44.33995526308348,326.5126579582281
2016-05-20 18:00:00,78.33333333333333,107.68114886728816,112.4649806157959,112.6944487093644,8,1,29.168680131714765,186.19361760286154,0.0,227.7556079809628
2016-05-20 19:00:00,65.0,72.50682513151338,79.01613712564196,78.1217697129145,8,2,0.0,156.05571805473238,0.0,200.2838303494932
2016-05-20 20:00:00,70.0,85.08838929426442,93.20965988223001,91.14932566374858,8,3,0.0,173.369993743949,0.0,220.10345218427267
2016-05-20 21:00:00,65.0,53.13781082771827,62.14912410745482,60.19675389336573,8,4,0.0,143.27814907391289,0.0,190.9955617499158
2016-05-20 22:00:00,53.333333333333336,40.40655731120688,50.11284095696382,48.43258510951526,8,5,0.0,131.49035496371542,0.0,179.7072048806923
2016-05-20 23:00:00,45.0,42.73635577228197,53.07052471009673,51.14271748602443,8,6,0.0,134.44075414403432,0.0,182.9861302370091
2016-05-21 00:00:00,48.333333333333336,43.90753223351249,45.78370171087885,44.064305584311064,8,7,0.0,135.93830402539066,0.0,184.65645177063155
2016-05-21 01:00:00,51.66666666666666,47.17566376966018,49.02557515621575,48.27743550864446,8,8,0.0,139.3379828531683,0.0,188.12576752814843
2016-05-21 02:00:00,56.66666666666666,47.64179921383515,49.33809264271464,48.605036617494164,8,9,0.0,139.8572183473814,0.0,188.67311249088678
2016-05-21 03:00:00,48.333333333333336,48.58106184794568,50.09755013981082,49.85659309740032,8,10,0.0,140.81792803032113,0.0,189.64517555567056
2016-05-21 04:00:00,56.66666666666666,49.85016446236015,51.20599419922954,51.26288681286626,8,11,0.0,142.09569517086754,0.0,190.9275294192882
2016-05-21 05:00:00,51.66666666666666,58.16762149060108,59.391969092878185,59.50574046639588,8,12,0.0,150.4166529752859,0.0,199.25034042267157
2016-05-21 06:00:00,60.0,66.37824540455213,67.50350305348448,68.18439766282513,8,13,0.0,158.62869138268945,0.0,207.46312761767805
2016-05-21 07:00:00,56.66666666666666,90.67426013441992,91.7261273629318,92.2994196756339,8,14,0.0,182.92527764966684,0.0,231.76001643812538
2016-05-21 08:00:00,208.33333333333331,107.36892417124002,108.36961247543549,108.74443750975615,8,15,15.117675720485536,199.62017262199453,0.0,248.45503366032617
2016-05-21 09:00:00,310.0,94.4912919870598,95.47601708326413,96.08153151729971,8,16,2.239950224172091,186.74263374994752,0.0,235.57754418473866
2016-05-21 10:00:00,383.3333333333333,105.2666240806236,106.23118632240158,107.52036921606134,8,17,13.015244613861782,197.51800354738543,0.0,246.3529339414019
2016-05-21 11:00:00,431.6666666666667,104.72530218204992,105.6725312338307,107.71419386589491,8,18,12.473907480584927,196.9766968835149,0.0,245.81163534229609
2016-05-21 12:00:00,228.33333333333331,104.17775714016625,105.10242564386766,107.80230979839673,8,19,11.926356282936709,196.4291579973958,0.0,245.26409971484188
2016-05-21 13:00:00,343.3333333333333,103.2165109903205,104.13496031812122,106.84458213858488,8,20,10.965107645779852,195.46791433486115,0.0,244.3028573690102
2016-05-21 14:00:00,303.3333333333333,93.0420927128806,93.95589940642802,95.86051617055767,8,21,0.790688363313734,185.29349706244747,0.0,234.12844062862524
2016-05-21 15:00:00,361.6666666666667,90.87737264525421,91.79009108383107,92.12734862437819,8,22,0.0,183.12877740088496,0.0,231.96372118201998
2016-05-21 16:00:00,100.0,114.88834775918883,115.79766478619662,114.25713637758332,8,23,22.63694283947109,207.13975267890658,0.0,255.97469654690403
2016-05-21 17:00:00,95.0,180.17276812657818,181.06524312627062,179.80124153562872,8,24,87.92136314240423,272.4241731107521,39.08641924028572,321.25911701287066
2016-05-21 18:00:00,125.0,127.29396153468005,126.0002295051605,127.20465529444714,9,1,48.78149416866188,205.80642890069822,7.219504515559365,247.36841855380072
2016-05-21 19:00:00,108.33333333333331,83.4642377437064,82.74924768366454,83.99541753460878,9,2,0.0,167.01312920958202,0.0,211.24124073287186
2016-05-21 20:00:00,95.0,94.90480296160217,94.05925391357661,93.65557196954173,9,3,6.623200051611434,183.1864058715929,0.0,229.91986349685192
2016-05-21 21:00:00,135.0,57.16901654505638,56.252292746969175,54.61596428072725,9,4,0.0,147.30935321920464,0.0,195.0267650630165
2016-05-21 22:00:00,73.33333333333333,39.500834732401444,39.21210449579627,37.19552736621922,9,5,0.0,130.58463079880576,0.0,178.80147987614976
2016-05-21 23:00:00,148.33333333333334,40.96899133988049,41.7879377876275,39.24962834335012,9,6,0.0,132.67338811799226,0.0,181.21876336734465
2016-05-22 00:00:00,60.0,42.897939470959784,45.72527327812702,42.22731009967307,9,7,0.0,134.92870974773749,0.0,183.64685669093265
2016-05-22 01:00:00,56.66666666666666,46.58637103193264,49.57635407326728,46.37877001180156,9,8,0.0,138.74868863191122,0.0,187.5364725215582
2016-05-22 02:00:00,51.66666666666666,47.53031036246345,50.46257361634967,46.87508369307221,9,9,0.0,139.7457280252263,0.0,188.56162139014594
2016-05-22 03:00:00,53.333333333333336,48.20339994326703,51.00363023631934,46.314553512170775,9,10,0.0,140.44026466000818,0.0,189.26751140949767
2016-05-22 04:00:00,55.0,49.91089086893549,52.571831726018544,48.85348225606312,9,11,0.0,142.15642011388974,0.0,190.98825358755215
2016-05-22 05:00:00,50.0,57.67205265476334,60.21144197461484,57.120018647168806,9,12,0.0,149.92108267673686,0.0,198.75476934980992
2016-05-22 06:00:00,58.333333333333336,65.93173219780346,68.37499451888735,64.60158566784924,9,13,0.0,158.18217671357004,0.0,207.0166121744263
2016-05-22 07:00:00,63.333333333333336,88.95981236451273,91.33161729337444,88.71229626242804,9,14,0.0,181.21082841752659,0.0,230.0455664319257
2016-05-22 08:00:00,190.0,112.00041867539166,114.31218185361759,111.64814548538655,9,15,19.749171686814606,204.2516656639687,0.0,253.08652592827042
2016-05-22 09:00:00,113.33333333333331,104.504558227498,106.79152142209728,104.47425983500081,9,16,12.253217926765245,196.75589852823074,0.0,245.59080818900384
2016-05-22 10:00:00,201.66666666666663,118.22012323492453,120.4819668711377,118.73844795494966,9,17,25.968745230308542,210.47150123954052,0.0,259.30643085954375
2016-05-22 11:00:00,343.3333333333333,119.9748860523141,122.21566956710572,122.88626767351788,9,18,27.72349281299121,212.226279291637,0.0,261.0612169764069
2016-05-22 12:00:00,126.66666666666669,109.92216050535588,112.15233426554136,115.62285201389864,9,19,17.670761110266767,202.17355990044499,0.0,251.0085008438807
2016-05-22 13:00:00,103.33333333333331,114.3998165122496,116.61632478632477,120.29502282668938,9,20,22.148414629848673,206.65121839465053,0.0,255.48616065478956
2016-05-22 14:00:00,106.66666666666669,102.828117519507,105.04139720972547,110.06817707354922,9,21,10.576714632079415,195.0795204069346,0.0,243.9144631991026
2016-05-22 15:00:00,96.66666666666669,103.50070932542934,105.70895289861767,112.18679027868241,9,22,11.249306031934992,195.7521126189237,0.0,244.58705562605047
2016-05-22 16:00:00,88.33333333333333,114.11755523559083,116.33929593440998,122.58530069679398,9,23,21.866151778009424,206.36895869317223,0.0,255.20390178716144
2016-05-22 17:00:00,265.0,176.10683956536013,178.31653044300052,183.14611741159015,9,24,83.85543604315356,268.35824308756673,35.02049291495385,317.19318621576645
2016-05-22 18:00:00,120.0,181.43078730492513,181.49636471034387,182.51851052660615,10,1,102.91832118304404,259.9432534268062,61.356332188547924,301.50524242130234
2016-05-22 19:00:00,96.66666666666669,143.00271387324574,143.68652949864918,143.96117652877342,10,2,59.45382373125615,226.55160401523534,15.22571290878922,270.7797148377023
2016-05-22 20:00:00,116.66666666666669,129.7862196870559,130.89137505862124,131.68716162500775,10,3,41.5046181757603,218.0678211983515,0.0,264.80127808318605
2016-05-22 21:00:00,88.33333333333333,89.75303762843127,91.25404966850196,92.91716583819301,10,4,0.0,179.89337287449464,0.0,227.61078396232404
2016-05-22 22:00:00,78.33333333333333,68.10208047071339,69.82133128321148,70.78121560179405,10,5,0.0,159.18587509626227,0.0,207.40272341086347
2016-05-22 23:00:00,60.0,66.06402269986208,67.70848517641379,67.22971948659627,10,6,0.0,157.7684180302722,0.0,206.31379251325765
2016-05-23 00:00:00,58.333333333333336,56.42557835656294,67.84996356961625,65.70560833358722,10,7,0.0,148.45634725698667,0.0,197.17449347158407
2016-05-23 01:00:00,51.66666666666666,55.12205794909795,66.59594160144405,64.76236895723288,10,8,0.0,147.28437420140233,0.0,196.07215737763372
2016-05-23 02:00:00,58.333333333333336,52.823402981932496,64.41434387456216,63.05869508878825,10,9,0.0,145.03881930860004,0.0,193.85471196623357
2016-05-23 03:00:00,51.66666666666666,51.659049011512465,63.37321753877812,62.455297736376636,10,10,0.0,143.8959123968359,0.0,192.72315844151547
2016-05-23 04:00:00,50.0,52.16702584060352,63.98875877121595,62.59066011226801,10,11,0.0,144.41255375603063,0.0,193.2443865258839
2016-05-23 05:00:00,66.66666666666667,58.5685891747249,70.47598069016891,69.06879373027883,10,12,0.0,150.817617867936,0.0,199.65130383760476
2016-05-23 06:00:00,60.0,66.3478173123943,78.31929277854327,76.55724365035547,10,13,0.0,158.59826049970786,0.0,207.43269525732353
2016-05-23 07:00:00,56.66666666666666,88.22301529374295,100.24288715689543,97.39350458454096,10,14,0.0,180.47403001842883,0.0,229.30876732965356
2016-05-23 08:00:00,51.66666666666666,115.9268161043903,127.96629882084518,124.8318569476636,10,15,23.675570444090667,208.17806176468991,0.0,257.012921325844
2016-05-23 09:00:00,55.0,105.06345051662257,117.14182014894776,115.54870437309775,10,16,12.812111544146816,197.3147894890983,0.0,246.14969844673462
2016-05-23 10:00:00,51.66666666666666,122.1986185785471,134.28903236049405,134.5305857786348,10,17,29.947241902179854,214.44999525491434,0.0,263.2849241717852
2016-05-23 11:00:00,56.66666666666666,130.4632198972547,142.55286331549422,145.2902512347896,10,18,38.21182798617714,222.71461180833228,0.0,271.5495487899716
2016-05-23 12:00:00,61.66666666666666,110.69104942597258,122.80157911807703,127.98912676417439,10,19,18.439651359127296,202.94244749281785,0.0,251.77738773312376
2016-05-23 13:00:00,56.66666666666666,113.84443751698457,125.95614594669836,131.89786912065696,10,20,21.593036962826858,206.09583807114228,0.0,254.9307796281518
2016-05-23 14:00:00,58.333333333333336,102.95869288831186,115.07480129254647,123.12110276287135,10,21,10.707291329127031,195.2100944474967,0.0,244.04503653653546
2016-05-23 15:00:00,73.33333333333333,103.12267885915664,115.24016685473725,125.1023427572839,10,22,10.871276893902461,195.3740808244108,0.0,244.20902312840974
2016-05-23 16:00:00,156.66666666666666,112.84579447446566,124.98093328780527,135.89542577470692,10,23,20.594392345124376,205.09719660380694,0.0,253.93213899466832
2016-05-23 17:00:00,380.0,180.20865197512757,192.32788044921688,203.5789375105476,10,24,87.95724978100759,272.46005416924754,39.122307355854446,321.2949965944007
2016-05-23 18:00:00,123.33333333333331,239.95158426616834,244.6566557379705,248.10939246056617,11,1,161.43911927449156,318.4640492578451,119.87713087828946,360.02603765404723
2016-05-23 19:00:00,120.0,192.8872512466212,198.94126034855387,201.798705188725,11,2,109.33836230728174,276.43614018596065,65.11025212145934,320.66425037178306
2016-05-23 20:00:00,105.0,164.1068930180956,171.6395218325958,174.35657806312298,11,3,75.82529277740858,252.38849325878263,29.09183656519363,299.1219494709976
2016-05-23 21:00:00,68.33333333333333,116.50371348779404,125.16070037929346,126.7757985102254,11,4,26.363379539037624,206.64404743655047,0.0,254.361457837627
2016-05-23 22:00:00,63.333333333333336,89.59334726153472,98.758917322056,98.67983489813949,11,5,0.0,180.67714057817557,0.0,228.89398819988276
2016-05-23 23:00:00,58.333333333333336,80.29478510135687,89.50783469552955,88.98359350038277,11,6,0.0,171.9991791166397,0.0,220.54455290343884
2016-05-24 00:00:00,50.0,65.71547140230898,57.591189587616746,59.12434073153554,11,7,0.0,157.74623905241936,0.0,206.46438460514088
2016-05-24 01:00:00,56.66666666666666,60.78218955961631,53.12065726028101,55.56906844504066,11,8,0.0,152.94450458766073,0.0,201.73228711580802
2016-05-24 02:00:00,55.0,56.756446158968956,49.61846067587697,53.458829922144346,11,9,0.0,148.97186127189508,0.0,197.78775328701266
2016-05-24 03:00:00,53.333333333333336,53.96906212709121,47.298052266483026,50.852759996133216,11,10,0.0,146.20592430292245,0.0,195.03316970733547
2016-05-24 04:00:00,53.333333333333336,53.50737478386846,47.2119161781764,49.74649621216503,11,11,0.0,145.7529014915208,0.0,194.5847336220167
2016-05-24 05:00:00,106.66666666666669,59.8386762646914,53.82754131104008,55.57713992118921,11,12,0.0,152.0877037508224,0.0,200.92138908150156
2016-05-24 06:00:00,71.66666666666667,66.58997378754012,60.78746360618051,63.45140833874227,11,13,0.0,158.84041576805464,0.0,207.67484988682952
2016-05-24 07:00:00,161.66666666666666,87.0603529491922,81.40893661295249,85.25068972893042,11,14,0.0,179.31136646719267,0.0,228.14610313963675
2016-05-24 08:00:00,56.66666666666666,113.0891029755272,107.53007942283246,111.20406470541262,11,15,20.837858521867062,205.34034742918732,0.0,254.17520635158505
2016-05-24 09:00:00,38.333333333333336,102.8013271133469,97.327639758112,100.85317915827581,11,16,10.549989347492087,195.0526648792017,0.0,243.8875731980915
2016-05-24 10:00:00,66.66666666666667,118.919545712047,113.49183012520832,117.71071590344005,11,17,26.668170242293186,211.1709211818008,0.0,260.0058494599291
2016-05-24 11:00:00,101.66666666666669,126.99469314624403,121.58878953960118,126.41477319731737,11,18,34.74330244177679,219.24608385071127,0.0,268.0810201936097
2016-05-24 12:00:00,128.33333333333334,108.36088710132304,102.98832861020719,108.23251127551252,11,19,16.109490241086732,200.61228396155934,0.0,249.44722356312505
2016-05-24 13:00:00,118.33333333333331,111.11728459278157,105.75622585698125,113.16526231771974,11,20,18.86588524523225,203.3686839403309,0.0,252.20362485860056
2016-05-24 14:00:00,150.0,100.8107396915427,95.45965592601596,104.58149412713739,11,21,8.559339338965884,193.0621400441195,0.0,241.8970814944186
2016-05-24 15:00:00,141.66666666666666,101.66440178112664,96.31804076124618,104.64219281929772,11,22,9.413001022478142,193.91580253977514,0.0,242.75074420503557
2016-05-24 16:00:00,141.66666666666666,114.83510640999695,109.50399740904146,118.13396306377929,11,23,22.583705487261284,207.08650733273262,0.0,255.92144908485557
2016-05-24 17:00:00,203.33333333333331,189.50855749758273,184.15483187187448,192.68795614082734,11,24,97.25715650992888,281.75995848523655,48.422214723440305,330.5949002717251
2016-05-24 18:00:00,136.66666666666666,167.7954382430135,165.44035733377024,169.46847433898625,12,1,89.28297427804179,246.30790220798522,47.720986425344506,287.8698900606825
2016-05-24 19:00:00,123.33333333333331,124.38254914411237,121.04864542005085,126.84435198539803,12,2,40.833661297289524,207.93143699093523,0.0,252.15954659841427
2016-05-24 20:00:00,96.66666666666669,119.83802251896765,115.53837745754404,120.52317782513154,12,3,31.556423432532327,208.11962160540298,0.0,254.85307720659398
2016-05-24 21:00:00,76.66666666666667,82.61894702034465,77.6954729188312,82.12093943742401,12,4,0.0,172.75927979059588,0.0,220.4766895678095
2016-05-24 22:00:00,61.66666666666666,61.81844190431156,56.57063944636199,61.04302646834716,12,5,0.0,152.90223403190856,0.0,201.11908102417394
2016-05-24 23:00:00,58.333333333333336,60.01899698409097,54.61516538210515,56.751729771872526,12,6,0.0,151.72338980468024,0.0,200.26876295904677
2016-05-25 00:00:00,53.333333333333336,52.71847957895871,38.90802158559468,40.68848712455393,12,7,0.0,144.74924609325404,0.0,193.46739104471135
2016-05-25 01:00:00,53.333333333333336,52.76975972920692,38.95623449107451,40.423789813916905,12,8,0.0,144.93207364510377,0.0,193.7198555845157
2016-05-25 02:00:00,56.66666666666666,51.67738068797192,37.880464125523076,39.3813864140483,12,9,0.0,143.89279469830575,0.0,192.70868612974627
2016-05-25 03:00:00,48.333333333333336,50.736852438729215,36.961075253505,39.12939035058167,12,10,0.0,142.97371351582828,0.0,191.80095833860764
2016-05-25 04:00:00,55.0,51.43738039981236,37.681380539804984,40.00621947947968,12,11,0.0,143.68290601029267,0.0,192.51473755998077
2016-05-25 05:00:00,55.0,60.69747909685972,46.95450827910534,49.08220694307405,12,12,0.0,152.94650548644984,0.0,201.78019023665527
2016-05-25 06:00:00,55.0,65.95204331059838,52.22465080809711,54.12035094557938,12,13,0.0,158.20248419482726,0.0,207.03691773326358
2016-05-25 07:00:00,65.0,89.97540887369898,76.25602179607597,78.0705907122025,12,14,0.0,182.22642129551704,0.0,231.0611573876772
2016-05-25 08:00:00,83.33333333333333,110.04682812723314,96.33140674867758,98.42330754208606,12,15,17.7955847697137,202.2980714847526,0.0,251.13292982688847
2016-05-25 09:00:00,90.0,99.50019009200257,85.80344135453134,88.33827802263959,12,16,7.248853422271594,191.75152676173354,0.0,240.5864345003704
2016-05-25 10:00:00,78.33333333333333,116.26638190281281,102.56981675308097,104.64039317905666,12,17,24.015007529176017,208.5177562764496,0.0,257.35268397432856
2016-05-25 11:00:00,50.0,125.65178415336256,111.94551051219909,113.46472984591043,12,18,33.40039454500955,217.90317376171555,0.0,266.7381095243661
2016-05-25 12:00:00,60.0,109.1723848949952,95.47588061398334,97.66854720043219,12,19,16.92098913087186,201.42378065911856,0.0,250.25871968043708
2016-05-25 13:00:00,71.66666666666667,111.34999880380386,97.65238037764604,100.4029871261042,12,20,19.098600552366975,203.60139705524074,0.0,252.43633739326353
2016-05-25 14:00:00,80.0,103.02373715119111,89.32464355062788,93.13401476306097,12,21,10.772337894726391,195.27513640765585,0.0,244.11007727770823
2016-05-25 15:00:00,80.0,103.45445727816758,89.75482876566741,93.56194539182285,12,22,11.203057615629021,195.70585694070616,0.0,244.54079802572105
2016-05-25 16:00:00,231.66666666666663,116.01259063092718,102.32462333229522,104.19180121361838,12,23,23.761190804301393,208.26399045755295,0.0,257.09893162943035
2016-05-25 17:00:00,118.33333333333331,190.0793476670442,176.36820491181564,177.24039090872375,12,24,97.82794777537357,282.33074755871485,48.99300656906348,331.1656887650249
2016-05-25 18:00:00,156.66666666666666,155.15746673978768,149.92864322983678,150.54218937791964,13,1,76.64500370749982,233.66992977207553,35.083016348535565,275.2319171310398
2016-05-25 19:00:00,118.33333333333331,102.28641007467635,95.01527469111491,93.80145500836403,13,2,18.737523220322174,185.83529692903053,0.0,230.0634060111284
2016-05-25 20:00:00,190.0,105.86061137777492,96.75117694808948,95.55598945829725,13,3,17.57901333988994,194.1422094156599,0.0,240.87566446178187
2016-05-25 21:00:00,56.66666666666666,75.7713980626443,65.20614169763356,66.13409173306647,13,4,0.0,165.91172976231275,0.0,213.62913897279407
2016-05-25 22:00:00,53.333333333333336,56.22924831597793,44.43824407489463,46.211239926510146,13,5,0.0,147.31303936341857,0.0,195.52988578388369
2016-05-25 23:00:00,53.333333333333336,55.11671576588152,42.51726204500062,44.52097997548381,13,6,0.0,146.82110750118204,0.0,195.3664800810314
2016-05-26 00:00:00,53.333333333333336,49.655170794888335,43.55681796648676,43.822185840008004,13,7,0.0,141.68593627738156,0.0,190.40408068263582
2016-05-26 01:00:00,55.0,50.80444071673655,44.473621998766674,44.319845748118055,13,8,0.0,142.96675362233145,0.0,191.75453502692181
2016-05-26 02:00:00,50.0,50.61904527336188,44.114222864609026,44.07806891817488,13,9,0.0,142.834458282074,0.0,191.650349183288
2016-05-26 03:00:00,56.66666666666666,49.77651824682917,43.14621968654683,43.547536386865374,13,10,0.0,142.0133783258131,0.0,190.84062262022226
2016-05-26 04:00:00,50.0,51.039411983848105,44.319793487023595,44.35300442938434,13,11,0.0,143.28493659763058,0.0,192.11676761969875
2016-05-26 05:00:00,56.66666666666666,60.04498969196431,53.261043213959454,53.14704092816402,13,12,0.0,152.2940150854299,0.0,201.12769930831885
2016-05-26 06:00:00,61.66666666666666,65.16738387162737,58.34433215494386,59.185140262678274,13,13,0.0,157.41782375996362,0.0,206.25225677120625
2016-05-26 07:00:00,100.0,88.6058286655639,81.75374250876312,82.28825119355967,13,14,0.0,180.85684009158314,0.0,229.6915756565992
2016-05-26 08:00:00,156.66666666666666,108.64189846944208,101.76809931488499,101.37539492312453,13,15,16.390656107683597,200.89314083120058,0.0,249.72799864621246
2016-05-26 09:00:00,276.6666666666667,98.93167247821911,92.057345962318,90.84668414941983,13,16,6.680336804233747,191.18300815220448,0.0,240.01791536372542
2016-05-26 10:00:00,265.0,114.38337817197277,107.49931896210829,105.49020793026503,13,17,22.1320047940754,206.63475154987015,0.0,255.46967872063647
2016-05-26 11:00:00,243.33333333333331,122.01211427023723,115.11331976354406,113.17731469837031,13,18,29.76072565762111,214.26350288285334,0.0,263.09843811839266
2016-05-26 12:00:00,221.66666666666663,106.78178819850352,99.8856104052338,96.95446420410423,13,19,14.530393430115922,199.0331829668911,0.0,247.868121461099
2016-05-26 13:00:00,75.0,109.40910417224045,102.50792466220605,97.24864572362343,13,20,17.157706916538856,201.66050142794205,0.0,250.49544123885443
2016-05-26 14:00:00,68.33333333333333,101.86700494618836,94.9612113463605,90.6773904188477,13,21,9.615606685458602,194.11840320691812,0.0,242.95334354986025
2016-05-26 15:00:00,61.66666666666666,102.27946492266521,95.37173690729263,90.64134644486059,13,22,10.02806625585967,194.53086358947075,0.0,243.36580414737642
2016-05-26 16:00:00,495.0,121.3612090848175,114.45536773868675,106.73384123431562,13,23,29.109810253924707,213.6126079157103,0.0,262.44754856047854
2016-05-26 17:00:00,440.0,186.64212130776548,179.72473166183775,171.51737155977756,13,24,94.39072241171273,278.89352020381824,45.555781732450924,327.72846088308006
2016-05-26 18:00:00,215.0,329.40659510567514,324.4912007425683,322.4995295587151,14,1,250.89413292066004,407.91905729069026,209.3321460102149,449.4810442011354
2016-05-26 19:00:00,223.33333333333331,241.1629131916324,234.6364830735206,233.28590821480944,14,2,157.614027238861,324.7117991444038,113.38591863403222,368.9399077492326
2016-05-26 20:00:00,91.66666666666669,201.79516705919576,194.57438031318614,192.75915871763047,14,3,113.5135699738395,290.07676414455204,66.78011543195572,336.8102186864358
2016-05-26 21:00:00,76.66666666666667,145.6208155543926,137.96190206348675,137.82862350584256,14,4,55.48048482726766,235.76114628151754,7.763076131619783,283.47855497716546
2016-05-26 22:00:00,70.0,111.28801975328324,102.3498133180378,102.67940107999861,14,5,20.204229687083,202.37180981948347,0.0,250.5886557205113
2016-05-26 23:00:00,65.0,92.95089967333698,82.58225134369782,82.91254742074537,14,6,1.2465089239392313,184.6552904227347,0.0,233.20066248067872
2016-05-27 00:00:00,60.0,73.90421508590396,79.81932594936116,78.8738638601559,14,7,0.0,165.93497963108297,0.0,214.65312354015305
2016-05-27 01:00:00,58.333333333333336,66.27945369234672,72.64513862007661,71.49104564424422,14,8,0.0,158.44176568015862,0.0,207.22954659890405
2016-05-27 02:00:00,50.0,60.27560498627414,67.31039060205188,66.15798807115918,14,9,0.0,152.49101708508863,0.0,201.3069075046319
2016-05-27 03:00:00,58.333333333333336,56.230105164892095,63.91394512408873,63.27233664667728,14,10,0.0,148.46696433716392,0.0,197.29420815158863
2016-05-27 04:00:00,58.333333333333336,54.86140299065497,63.08913349012838,62.98162519528117,14,11,0.0,147.1069266990128,0.0,195.9387572417781
2016-05-27 05:00:00,58.333333333333336,62.32085261714518,70.96873366474723,69.71743853841146,14,12,0.0,154.5698771057069,0.0,203.4035608495687
2016-05-27 06:00:00,63.333333333333336,66.52440731744868,75.48886558675989,74.18109146356575,14,13,0.0,158.77484630109177,0.0,207.60927883341878
2016-05-27 07:00:00,111.66666666666669,90.0808077583793,99.2696658588383,97.38679638751802,14,14,0.0,182.33181827979053,0.0,231.166553365936
2016-05-27 08:00:00,130.0,111.46542587434564,120.80862063189718,119.39122567587668,14,15,19.21418441716071,203.71666733153057,0.0,252.55152466769016
2016-05-27 09:00:00,251.66666666666663,107.60239365893835,117.05962283151659,115.14577205507784,14,16,15.351058889512672,199.85372842836404,0.0,248.68863516104005
2016-05-27 10:00:00,251.66666666666663,121.63352246786292,131.16643316986145,128.14462057720033,14,17,29.382149994519608,213.88489494120623,0.0,262.71982163313055
2016-05-27 11:00:00,310.0,127.7939227571268,137.37080616269716,133.93877846041514,14,18,35.54253504906238,220.04531046519122,0.0,268.88024522188977
2016-05-27 12:00:00,185.0,112.20157917821078,121.81904049184193,117.5883630853289,14,19,19.950185314373854,204.4529730420477,0.0,253.28791105741536
2016-05-27 13:00:00,265.0,107.79066216597579,117.43733929196938,114.34272572606704,14,20,15.53926581482446,200.04205851712712,0.0,248.8769978491995
2016-05-27 14:00:00,101.66666666666669,100.26526983511397,109.9241098962107,108.06897922866405,14,21,8.01387247893419,192.51666719129375,0.0,241.35160705539604
2016-05-27 15:00:00,76.66666666666667,100.33033938944675,109.9987047054674,107.55504655224527,14,22,8.078941627189408,192.5817371517041,0.0,241.41667723077086
2016-05-27 16:00:00,135.0,138.8252516361767,148.4779368864241,145.29678862026006,14,23,46.57385370983205,231.0766495625213,0.0,279.9115897284507
2016-05-27 17:00:00,180.0,198.4603045765156,208.11384419184844,206.41173332361177,14,24,106.20890658490646,290.71170256812474,57.37396638442817,339.546642768603
