p,d,q,P,D,Q,s,n_params,nobs,aic,bic,hqic,converged,seconds,error
0,0,0,1,1,1,24,3,2929,33143.84433264888,33167.73971015266,33152.45366650754,True,2.499056816101074,
0,0,1,1,1,1,24,4,2929,32653.82559780742,32683.693097627543,32664.58683319436,True,2.538535118103028,
0,0,2,1,1,1,24,5,2929,32356.028132990417,32391.867065591083,32368.94109693009,True,4.511631965637207,
0,0,3,1,1,1,24,6,2929,32257.40576756138,32299.21544305023,32272.4702869776,True,5.180145502090454,
0,0,4,1,1,1,24,7,2929,32217.48146624254,32265.261194370338,32234.69736795833,True,6.980922222137451,
0,0,5,1,1,1,24,8,2929,32186.695226835887,32240.44431699618,32206.062337573432,True,7.716760635375977,
0,0,6,1,1,1,24,9,2929,32168.465251152,32228.1830123808,32189.98339753252,True,8.759830951690674,
0,1,0,1,1,1,24,2,2928,33222.4370733083,33240.357573200374,33228.89381454046,True,2.218292474746704,
0,1,1,1,1,1,24,3,2928,32462.912208972542,32486.80483070632,32471.520851599,True,1.684520244598389,
0,1,2,1,1,1,24,4,2928,32440.29874749371,32470.16280141432,32451.05911850529,True,3.0449349880218506,
0,1,3,1,1,1,24,5,2928,32316.6392864827,32352.47408257855,32329.551212769544,True,3.89456844329834,
0,1,4,1,1,1,24,6,2928,32250.66882979744,32292.47367769989,32265.732138148865,True,3.696547508239746,
0,1,5,1,1,1,24,7,2928,32209.53244021548,32257.30664919852,32226.74695731989,True,6.689044237136841,
0,1,6,1,1,1,24,8,2928,32178.75965916729,32232.50253814721,32198.125211612096,True,8.903259992599487,
0,2,0,1,1,1,24,2,2927,36252.11246434353,36270.03193064386,36258.56894631337,True,1.122274398803711,
0,2,1,1,1,1,24,3,2927,33217.3270324808,33241.218275617284,33225.93532929006,True,2.957490921020508,
0,2,2,1,1,1,24,4,2927,32459.33198709637,32489.194317176247,32470.091925668745,True,6.271263599395752,
0,2,3,1,1,1,24,5,2927,32436.690337399687,32472.523064173216,32449.60174455805,True,8.18473219871521,
0,2,4,1,1,1,24,6,2927,32316.84172353576,32358.64415639592,32331.90442600212,True,12.806878328323364,
0,2,5,1,1,1,24,7,2927,32251.4149404025,32299.186388384656,32268.62876479789,False,22.481154441833496,
0,2,6,1,1,1,24,8,2927,32224.98849471461,32278.72826649616,32244.35326755895,False,36.44692015647888,
1,0,0,1,1,1,24,4,2929,32380.916247319656,32410.78546919937,32391.67791464299,True,2.8143234252929688,
1,0,1,1,1,1,24,5,2929,32221.667673990243,32257.50867377439,32234.581156454573,True,4.441885232925415,
1,0,2,1,1,1,24,6,2929,32194.860962220555,32236.673050254663,32209.92608681685,True,5.769849061965942,
1,0,3,1,1,1,24,7,2929,32184.873233661507,32232.65571993448,32202.08982728004,True,6.067326545715332,
1,0,4,1,1,1,24,8,2929,32176.78869915617,32230.540893299945,32196.15658858644,True,8.694894313812256,
1,0,5,1,1,1,24,9,2929,32167.089132668283,32226.8103439575,32188.60814459889,True,9.475477695465088,
1,0,6,1,1,1,24,10,2929,32158.615243831984,32224.30478118367,32182.28520485056,True,12.154090404510498,
1,1,0,1,1,1,24,3,2928,32631.54358652789,32655.437586383992,32640.152574837444,True,1.9521706104278564,
1,1,1,1,1,1,24,4,2928,32366.47916784536,32396.34494501258,32377.239971128423,True,6.087743759155273,
1,1,2,1,1,1,24,5,2928,32216.09127582504,32251.92814052977,32229.00372103894,True,10.75594925880432,
1,1,3,1,1,1,24,6,2928,32188.65467819124,32230.461940303063,32203.71859219256,True,6.816859245300293,
1,1,4,1,1,1,24,7,2928,32179.13384035327,32226.910809384644,32196.34904989776,True,15.982249736785889,
1,1,5,1,1,1,24,8,2928,32171.05094213816,32224.79692724409,32190.41727388063,False,19.18874168395996,
1,1,6,1,1,1,24,9,2928,32161.404890598475,32221.11920057617,32182.922171092705,False,22.28173780441284,
1,2,0,1,1,1,24,3,2927,34522.69612441065,34546.58874614443,34531.3047670371,True,1.8177614212036133,
1,2,1,1,1,1,24,4,2927,32625.41836929408,32655.28242321469,32636.178740305662,True,4.259839773178101,
1,2,2,1,1,1,24,5,2927,32374.982152529457,32410.816948625303,32387.8940788163,True,8.698297500610352,
1,2,3,1,1,1,24,6,2927,32451.81192524397,32493.616773146423,32466.8752335954,True,6.267502546310425,
1,2,4,1,1,1,24,7,2927,32337.15049383531,32384.92470281836,32354.365010939728,False,17.461175441741943,
1,2,5,1,1,1,24,8,2927,32293.874628901114,32347.61750788104,32313.24018134592,True,20.484260082244877,
1,2,6,1,1,1,24,9,2927,32240.89907431099,32300.609931846047,32262.41548858248,True,24.27627944946289,
2,0,0,1,1,1,24,5,2929,32204.273112264047,32240.114112048195,32217.186594728377,True,3.808912754058838,
2,0,1,1,1,1,24,6,2929,32205.129433170347,32246.94393291852,32220.19516271206,True,6.216854810714722,
2,0,2,1,1,1,24,7,2929,32195.372389266955,32243.157632734506,32212.58967451986,True,8.001351356506348,
2,0,3,1,1,1,24,8,2929,32186.965763357883,32240.721060414977,32206.33443117873,True,6.264300584793091,
2,0,4,1,1,1,24,9,2929,32178.804384238145,32238.529044397892,32200.324261382884,True,8.047011375427246,
2,0,5,1,1,1,24,10,2929,32168.75469890624,32234.448031324377,32192.425612029907,True,15.74015212059021,
2,0,6,1,1,1,24,11,2929,32160.445850799835,32232.107164274403,32186.26762645646,True,11.966988325119019,
2,1,0,1,1,1,24,4,2928,32554.49182177479,32584.357598942013,32565.252625057856,True,3.204697847366333,
2,1,1,1,1,1,24,5,2928,32207.958232361474,32243.79716496214,32220.871196301152,True,4.936952590942383,
2,1,2,1,1,1,24,6,2928,32197.205616077204,32239.015291566055,32212.270135493418,True,7.261282444000244,
2,1,3,1,1,1,24,7,2928,32188.838019523886,32236.617747651682,32206.053921239676,True,14.40501618385315,
2,1,4,1,1,1,24,8,2928,32181.480081823516,32235.22917198381,32200.84719256106,True,17.71190595626831,
2,1,5,1,1,1,24,9,2928,32171.71552257211,32231.433283800918,32193.23366895263,False,20.50970959663391,
2,1,6,1,1,1,24,10,2928,32162.554316699083,32228.240057674546,32186.223325242736,True,23.579575777053833,
2,2,0,1,1,1,24,4,2927,33904.450723165384,33934.314777085994,33915.211094176964,True,2.5570321083068848,
2,2,1,1,1,1,24,5,2927,32559.88557827056,32595.72244297529,32572.798023484458,True,4.935377359390259,
2,2,2,1,1,1,24,6,2927,32214.918875109215,32256.726137221038,32229.98278911053,True,25.403254747390747,
2,2,3,1,1,1,24,7,2927,32355.4121190688,32403.18908810017,32372.627328613285,False,27.256285667419434,
2,2,4,1,1,1,24,8,2927,32230.685273108622,32284.431258214547,32250.05160485109,False,29.273531198501587,
2,2,5,1,1,1,24,9,2927,32260.938832386062,32320.653142363757,32282.456112880292,False,30.010257244110107,
2,2,6,1,1,1,24,10,2927,32287.604570356816,32353.286513645377,32311.272626055455,False,23.835399866104126,
3,0,0,1,1,1,24,6,2929,32193.489137303197,32235.301225337305,32208.554261899488,True,4.410238027572632,
3,0,1,1,1,1,24,7,2929,32195.337332919764,32243.122576387315,32212.554618172668,True,8.954524040222168,
3,0,2,1,1,1,24,8,2929,32197.6971960129,32251.4555949139,32217.066641922418,True,12.626494884490967,
3,0,3,1,1,1,24,9,2929,32188.570254013743,32248.298361854955,32210.090996036906,True,10.910302639007568,
3,0,4,1,1,1,24,10,2929,32180.247866086116,32245.944992261837,32203.91973094533,True,16.979031801223755,
3,0,5,1,1,1,24,11,2929,32170.614837674366,32242.280291221425,32196.437651991095,True,15.090846300125122,
3,0,6,1,1,1,24,12,2929,32162.208377840365,32239.841467437815,32190.181968135043,True,21.745858907699585,
3,1,0,1,1,1,24,5,2928,32508.492525349313,32544.32939005404,32521.40497056321,True,3.4237239360809326,
3,1,1,1,1,1,24,6,2928,32197.145470046904,32238.955145535754,32212.209989463117,True,10.581413269042969,
3,1,2,1,1,1,24,7,2928,32199.229150635925,32247.011636908897,32216.445744254455,True,7.487910747528076,
3,1,3,1,1,1,24,8,2928,32189.68663142381,32243.43882556758,32209.054520854075,True,15.73179006576538,
3,1,4,1,1,1,24,9,2928,32180.974470197034,32240.69568148625,32202.49348212764,True,17.921650171279907,
3,1,5,1,1,1,24,10,2928,32172.546488339485,32238.23602569117,32196.216449358057,False,23.802440881729126,
3,1,6,1,1,1,24,11,2928,32164.84774650733,32236.50491848056,32190.66848310041,True,14.861444473266602,
3,2,0,1,1,1,24,5,2927,33608.680609651696,33644.515405747545,33621.59253593854,True,3.7712044715881348,
3,2,1,1,1,1,24,6,2927,32513.856265409726,32555.66352752155,32528.92017941104,True,6.124647855758667,
3,2,2,1,1,1,24,7,2927,32347.233373919815,32395.01310204761,32364.449275635605,False,19.006319284439087,
3,2,3,1,1,1,24,8,2927,32264.075737861946,32317.82482802224,32283.44284859949,False,35.82162880897522,
3,2,4,1,1,1,24,9,2927,32354.367400252202,32414.08516148101,32375.885546632722,False,20.28100037574768,
3,2,5,1,1,1,24,10,2927,32403.444157726393,32469.129898701856,32427.113166270046,False,24.07189393043518,
3,2,6,1,1,1,24,11,2927,32306.888672516543,32378.54170155861,32332.708369642332,False,31.03182578086853,
4,0,0,1,1,1,24,7,2929,32184.951908742118,32232.73439501509,32202.168502360648,True,4.007542848587036,
4,0,1,1,1,1,24,8,2929,32186.91822327392,32240.673520331013,32206.286891094765,True,6.595446825027466,
4,0,2,1,1,1,24,9,2929,32188.41364061441,32248.141748455622,32209.934382637573,False,26.239802598953247,
4,0,3,1,1,1,24,10,2929,32190.181552890404,32255.88247151574,32213.854369115885,True,13.27527379989624,
4,0,4,1,1,1,24,11,2929,32182.20856470838,32253.878156900075,32208.032417282066,True,14.380529403686523,
4,0,5,1,1,1,24,12,2929,32164.51381465255,32242.15138932853,32192.48853016234,False,28.64753794670105,
4,0,6,1,1,1,24,13,2929,32163.944835935552,32247.54970165588,32194.07024086828,True,25.342885971069336,
4,1,0,1,1,1,24,6,2928,32456.402768618544,32498.210030730366,32471.46668261986,True,4.127092123031616,
4,1,1,1,1,1,24,7,2928,32188.60221887422,32236.381947002017,32205.81812059001,True,11.578449964523315,
4,1,2,1,1,1,24,8,2928,32189.72262914665,32243.47482329042,32209.090518576915,True,7.583921432495117,
4,1,3,1,1,1,24,9,2928,32195.155517343046,32254.880177502793,32216.675394487786,False,18.4207661151886,
4,1,4,1,1,1,24,10,2928,32225.82436662493,32291.517699043066,32249.495279748597,False,21.563294649124146,
4,1,5,1,1,1,24,11,2928,32174.697425002363,32246.35873847693,32200.51920065899,False,24.86405086517334,
4,1,6,1,1,1,24,12,2928,32166.537356805617,32244.16595977662,32194.50982144812,True,27.910968780517578,
4,2,0,1,1,1,24,6,2927,33377.85734562688,33419.66219352933,33392.920653978304,True,4.106412649154663,
4,2,1,1,1,1,24,7,2927,32461.80184818238,32509.57881721375,32479.017057726865,True,9.109172105789185,
4,2,2,1,1,1,24,8,2927,32273.253587336563,32327.002677496857,32292.620698074108,False,22.982940435409546,
4,2,3,1,1,1,24,9,2927,32423.54626013182,32483.267471421037,32445.065272062428,False,24.475102424621582,
4,2,4,1,1,1,24,10,2927,32393.992332405447,32459.681869757133,32417.66229342402,False,21.525575399398804,
4,2,5,1,1,1,24,11,2927,32306.280204950184,32377.937376923415,32332.100941543264,False,24.772855758666992,
4,2,6,1,1,1,24,12,2927,32425.887919499353,32503.512034294927,32453.859258052293,False,34.07191324234009,
5,0,0,1,1,1,24,8,2929,32176.01560648284,32229.76780062661,32195.383495913105,True,7.737464189529419,
5,0,1,1,1,1,24,9,2929,32177.89343764897,32237.618097808718,32199.41331479371,True,8.030238628387451,
5,0,2,1,1,1,24,10,2929,32180.025484270875,32245.722610446595,32203.69734913009,True,12.63793396949768,
5,0,3,1,1,1,24,11,2929,32174.398646910755,32246.06823910245,32200.22249948444,False,25.778106689453125,
5,0,4,1,1,1,24,12,2929,32174.03112598144,32251.67318418911,32202.0069662696,False,29.842314958572388,
5,0,5,1,1,1,24,13,2929,32163.23471465586,32246.844410460762,32193.361331358712,False,41.38591408729553,
5,0,6,1,1,1,24,14,2929,32154.146448657113,32243.723090500323,32186.423668227893,False,34.58692002296448,
5,1,0,1,1,1,24,7,2928,32426.441681291588,32474.21865032296,32443.656890836075,True,4.892938137054443,
5,1,1,1,1,1,24,8,2928,32179.661150260312,32233.410240420606,32199.028260997857,True,14.89559531211853,
5,1,2,1,1,1,24,9,2928,32180.86106084975,32240.582272138967,32202.380072780357,True,14.825948238372803,
5,1,3,1,1,1,24,10,2928,32182.932026451243,32248.62535886938,32206.60293957491,False,28.93229579925537,
5,1,4,1,1,1,24,11,2928,32186.210832012228,32257.876285559287,32212.033646328957,True,21.896541118621826,
5,1,5,1,1,1,24,12,2928,32174.958609173926,32252.591698771375,32202.932199468603,True,26.359573364257812,
5,1,6,1,1,1,24,13,2928,32168.23982229383,32251.8398562626,32198.364014985753,True,22.82679772377014,
5,2,0,1,1,1,24,7,2927,33222.08981683258,33269.86402581562,33239.304333937,True,8.893004417419434,
5,2,1,1,1,1,24,8,2927,32431.864001531347,32485.60998663727,32451.230333273816,True,10.869211912155151,
5,2,2,1,1,1,24,9,2927,32207.53878575937,32267.256546988177,32229.05693213989,False,31.01483678817749,
5,2,3,1,1,1,24,10,2927,32276.712267941777,32342.401805293463,32300.38222896035,False,26.551642417907715,
5,2,4,1,1,1,24,11,2927,32471.962510706067,32543.623824180635,32497.784286362694,False,22.437742233276367,
5,2,5,1,1,1,24,12,2927,32377.4309604773,32455.059563448303,32405.403425119803,False,42.022170305252075,
5,2,6,1,1,1,24,13,2927,32429.226166204044,32512.821366753124,32459.34914618413,False,36.92412495613098,
6,0,0,1,1,1,24,9,2929,32167.569473754254,32227.29068504347,32189.08848568486,True,7.3965020179748535,
6,0,1,1,1,1,24,10,2929,32169.241772455374,32234.93510487351,32192.912685579042,True,17.39888310432434,
6,0,2,1,1,1,24,11,2929,32171.55327688119,32243.21873042825,32197.37609119792,True,14.713372707366943,
6,0,3,1,1,1,24,12,2929,32173.931189822302,32251.568764498283,32201.905905332093,True,16.138847589492798,
6,0,4,1,1,1,24,13,2929,32163.014263543984,32246.623959348886,32193.140880246836,False,29.1533420085907,
6,0,5,1,1,1,24,14,2929,32170.047727331472,32259.629544265295,32202.32624522738,False,30.35185980796814,
6,0,6,1,1,1,24,15,2929,32156.21843999264,32251.76685795873,32190.647474201473,False,32.72771668434143,
6,1,0,1,1,1,24,8,2928,32398.36208186695,32452.108066972876,32417.72841360942,True,6.907052278518677,
6,1,1,1,1,1,24,9,2928,32171.210115765603,32230.92787699441,32192.728262146124,True,17.062410831451416,
6,1,2,1,1,1,24,10,2928,32172.78702628916,32238.476563640845,32196.45698730773,True,14.863794565200806,
6,1,3,1,1,1,24,11,2928,32174.600949943495,32246.262263418063,32200.42272560012,False,29.38673424720764,
6,1,4,1,1,1,24,12,2928,32175.599170637935,32253.232260235385,32203.572760932613,False,25.9138765335083,
6,1,5,1,1,1,24,13,2928,32177.830127749774,32261.434993470102,32207.955532682503,False,28.956813097000122,
6,1,6,1,1,1,24,14,2928,32169.336820312332,32258.90828527887,32201.61274105368,False,31.67786955833435,
6,2,0,1,1,1,24,8,2927,33090.69413849954,33144.43701747946,33110.05969094435,True,6.25942850112915,
6,2,1,1,1,1,24,9,2927,32403.82182270065,32463.536132678346,32425.33910319488,True,13.775098085403442,
6,2,2,1,1,1,24,10,2927,32244.361104445037,32310.0468454205,32268.03011298869,False,45.23740530014038,
6,2,3,1,1,1,24,11,2927,32209.22412874355,32280.88130071678,32235.04486533663,False,31.160470724105835,
6,2,4,1,1,1,24,12,2927,32446.30279280015,32523.931395771153,32474.275257442652,False,27.627575874328613,
6,2,5,1,1,1,24,13,2927,32427.846298981738,32511.44633295051,32457.970491673663,False,29.709085941314697,
6,2,6,1,1,1,24,14,2927,32405.558572534283,32495.124858836865,32437.83319394152,False,34.45633888244629,
